Situacao,Navio,Deslastre,Pontos,Risco,IMO
ATRACADOS,HALOPHYLA,11826.6,2,MÉDIO,9613329
ATRACADOS,MARIETTA,2668.5,1,BAIXO,9281437
ATRACADOS,BEGONIA,13530.6,2,MÉDIO,9919670
ATRACADOS,CALLIO,850.8,0.5,BAIXO,9310721
ATRACADOS,MODEST SW,1164.9,0.5,BAIXO,9476941
ATRACADOS,STENA PROGRESS,11112.0,2,MÉDIO,9390020
ATRACADOS,GIEWONT,4375.8,1,BAIXO,9452593
ATRACADOS,STI MARVEL,-60.3,0.5,BAIXO,9829473
ATRACADOS,OSCAR,4866.9,1,BAIXO,9365386
ATRACADOS,STAR KIRKENES,5977.2,2,MÉDIO,9396127
ATRACADOS,CITRIODORA,12132.0,2,MÉDIO,9613305
ATRACADOS,MEGHNA SUN,9615.0,2,MÉDIO,9717072
ATRACADOS,WL LADOGA,2299.8,1,BAIXO,9659799
ATRACADOS,LA STELLA,11247.0,2,MÉDIO,9748368
ATRACADOS,AMBER STAR,1467.6,0.5,BAIXO,9801160
ATRACADOS,THOR CHAICHANA,3376.5,1,BAIXO,9638501
ATRACADOS,OSCAR NIEMEYER,450.0,0.5,BAIXO,9596820
ATRACADOS,SCARLETT MANX,13988.4,2,MÉDIO,9801718
ATRACADOS,INCHEON BAY,9930.3,2,MÉDIO,9791963
ATRACADOS,LOWLANDS HOPE,12138.9,2,MÉDIO,9727182
ATRACADOS,KOUSHUN,16514.1,2,MÉDIO,9737060
ATRACADOS,INDUSTRIAL MERCHANT,-68085.3,0.5,BAIXO,9534470
ATRACADOS,DOLFIJNGRACHT,4348.8,1,BAIXO,9420825
ATRACADOS,EUCALYPTUS,8790.0,2,MÉDIO,9832456
ATRACADOS,MATISSE,4538.7,1,BAIXO,9677375
ATRACADOS,OINOUSSIAN VIGOUR,3350.1,1,BAIXO,9523263
ATRACADOS,YASA PEARL,4154.7,1,BAIXO,9949053
ATRACADOS,LEM GERANIUM,2055.0,1,BAIXO,9845790
ATRACADOS,JENNINGS BAY,-3.0,0.5,BAIXO,9717773
ATRACADOS,THE SAUCE,8295.3,2,MÉDIO,9315769
ATRACADOS,HORIZON THEANO,13499.7,2,MÉDIO,9407392
ATRACADOS,DN 204,113400.0,2,MÉDIO,9559200
ATRACADOS,OCEAN ELECTRA,11963.1,2,MÉDIO,9402782
ATRACADOS,SERGIO BUARQUE DE HOLANDA,12941.7,2,MÉDIO,9489900
ATRACADOS,BRAGE R,-59040.0,0.5,BAIXO,9144380
ATRACADOS,PATRICIA V,3106.2,1,BAIXO,9453054
ATRACADOS,NAVIOS TAURUS,3178.8,1,BAIXO,9302762
ATRACADOS,GOLF,-37666.5,0.5,BAIXO,9580120
ATRACADOS,SUNRISE,9912.9,2,MÉDIO,9761956
ATRACADOS,OLAVO BILAC,19344.3,2,MÉDIO,9547697
ATRACADOS,BBG NANNING,3885.6,1,BAIXO,9847205
ATRACADOS,JINLING CONFIDENCE,8105.4,2,MÉDIO,9798337
ATRACADOS,SEA BRAVERY,2787.3,1,BAIXO,9386407
ATRACADOS,RADIUS,2422.8,1,BAIXO,9526710
ATRACADOS,TOMINI LEVANT,3365.7,1,BAIXO,9714783
ATRACADOS,MANDARIN SINGAPORE,5017.2,2,MÉDIO,9569968
ATRACADOS,YASA MIMOSA,528.6,0.5,BAIXO,9786061
ATRACADOS,AGIA TRIADA,2981.1,1,BAIXO,9397236
ATRACADOS,VAN LEOPARD,3948.9,1,BAIXO,9692674
ATRACADOS,SSI SPLENDID,15813.0,2,MÉDIO,9848077
ATRACADOS,WECO KAROLINE,5971.5,2,MÉDIO,9803417
ATRACADOS,ETRON,5514.0,2,MÉDIO,9718038
ATRACADOS,JAG RISHI,3515.7,1,BAIXO,9456343
ATRACADOS,SASEBO ACE,2480.4,1,BAIXO,9507960
ATRACADOS,MAIRINI,3455.7,1,BAIXO,9474670
ATRACADOS,JAWOR,4394.7,1,BAIXO,9452608
ATRACADOS,GREAT VENTURE,3190.5,1,BAIXO,9317470
ATRACADOS,SPRING SNOW,3109.5,1,BAIXO,9473274
ATRACADOS,SSI SURPRISE,3699.0,1,BAIXO,9603142
ATRACADOS,BOW TRAJECTORY,13536.6,2,MÉDIO,9669873
ATRACADOS,PINE MEADOW,3501.3,1,BAIXO,9478688
ATRACADOS,JAG PUSHPA,4397.4,1,BAIXO,9315733
ATRACADOS,MARITIME VALOR,11399.7,2,MÉDIO,9848352
ATRACADOS,RAS GHUMAYS - I,1851.9,1,BAIXO,9494034
ATRACADOS,SHANDONG FU HUI,3816.3,1,BAIXO,9734733
ATRACADOS,NAVE ATRIA,10407.6,2,MÉDIO,9459060
ATRACADOS,MARITIME POLARIS,4840.8,1,BAIXO,9768746
ATRACADOS,STI BROOKLYN,4820.1,1,BAIXO,9706841
FUNDEADOS,FLY,606600.0,2,MÉDIO,31231
FUNDEADOS,GHOST,19299899.999999996,2,MÉDIO,2323
ESPERANDO,ASAS,-426599.99999999994,0.5,BAIXO,343
ESPERANDO,BRUTAL,-18886200.0,0.5,BAIXO,343
ATRACADOS,WAR,-18886200.0,0.5,BAIXO,21
ATRACADOS,BRUTAL,-2699100.0,0.5,BAIXO,21
ATRACADOS,BRUTAL,-2699100.0,0.5,BAIXO,21
ATRACADOS,JAE,-2699100.0,0.5,BAIXO,21
ATRACADOS,JAE,-2699100.0,0.5,BAIXO,21
ATRACADOS,JAE,-2699100.0,0.5,BAIXO,21
ESPERANDO,MARCOS,-299997000.0,0.5,BAIXO,564
ATRACADOS,BRUTAL,-126876900.0,0.5,BAIXO,21
ATRACADOS,AB,-9237600.0,0.5,BAIXO,65
ATRACADOS,STAR KIRKENES,5977.2,2,MÉDIO,9396127
ATRACADOS,ETRON,5514.0,2,MÉDIO,9718038
ATRACADOS,RADIUS,2422.8,1,BAIXO,9526710
ATRACADOS,JINLING CONFIDENCE,8105.4,2,MÉDIO,9798337
ATRACADOS,SSI SURPRISE,3699.0,1,BAIXO,9603142
ATRACADOS,OCEAN ELECTRA,11963.1,2,MÉDIO,9402782
ATRACADOS,VAN LEOPARD,3948.9,1,BAIXO,9692674
ATRACADOS,KOUSHUN,16514.1,2,MÉDIO,9737060
ATRACADOS,SSI SPLENDID,15813.0,2,MÉDIO,9848077
ATRACADOS,JAG RISHI,3515.7,1,BAIXO,9456343
ATRACADOS,JOSE ALENCAR,9291.9,2,MÉDIO,9489924
ATRACADOS,SEA BIRD,3833.1,1,BAIXO,9583172
ATRACADOS,OLAVO BILAC,19344.3,2,MÉDIO,9547697
ATRACADOS,JENNINGS BAY,-3.0,0.5,BAIXO,9717773
ATRACADOS,VAN LEOPARD,3948.9,1,BAIXO,9692674
ATRACADOS,OINOUSSIAN VIGOUR,3419.1,1,BAIXO,9523263
ATRACADOS,AMBER STAR,1467.6,0.5,BAIXO,9801160
ATRACADOS,BARBOSA LIMA SOBRINHO,478.5,0.5,BAIXO,9596844
ATRACADOS,YASA PEARL,4154.7,1,BAIXO,9949053
ATRACADOS,NAVE ATRIA,1923.9,1,BAIXO,9459060
ATRACADOS,SEA BIRD,3833.1,1,BAIXO,9583172
ATRACADOS,OLAVO BILAC,19344.3,2,MÉDIO,9547697
ATRACADOS,VAN LEOPARD,3948.9,1,BAIXO,9692674
ATRACADOS,OINOUSSIAN VIGOUR,3419.1,1,BAIXO,9523263
ATRACADOS,AMBER STAR,1467.6,0.5,BAIXO,9801160
ATRACADOS,BARBOSA LIMA SOBRINHO,478.5,0.5,BAIXO,9596844
ATRACADOS,YASA PEARL,4154.7,1,BAIXO,9949053
ATRACADOS,NAVE ATRIA,1923.9,1,BAIXO,9459060
ATRACADOS,HANDY PERTH,2303.1,1,BAIXO,9628128
ATRACADOS,OLAVO BILAC,19344.3,2,MÉDIO,9547697
ATRACADOS,FLUMAR BRASIL,798.9,0.5,BAIXO,9416836
ATRACADOS,VAN LEOPARD,3948.9,1,BAIXO,9692674
ATRACADOS,SPAR NORMA,3370.5,1,BAIXO,9774850
ATRACADOS,AMBER STAR,1467.6,0.5,BAIXO,9801160
ATRACADOS,WECO KAROLINE,5971.5,2,MÉDIO,9803417
ATRACADOS,DUKE SANTOS,3804.6,1,BAIXO,9785988
ATRACADOS,SPAR SCORPIO,3020.4,1,BAIXO,9307578
ATRACADOS,SUNRISE,-2441.1,0.5,BAIXO,9761956
ATRACADOS,HAFNIA PHOENIX,5645.7,2,MÉDIO,9461702
ATRACADOS,PINE ARROW,2262.3,1,BAIXO,9107306
ATRACADOS,YASA FALCON,3656.4,1,BAIXO,9597123
ATRACADOS,LA STELLA,10257.0,2,MÉDIO,9748368
ATRACADOS,MANDARIN SINGAPORE,5017.2,2,MÉDIO,9569968
ATRACADOS,STALO,3210.0,1,BAIXO,9758404
ATRACADOS,CELSO FURTADO,2520.0,1,BAIXO,9489895
ATRACADOS,NORD PENGUIN,2693.1,1,BAIXO,9687186
ATRACADOS,TORM CAVATINA,5875.5,2,MÉDIO,9343209
ATRACADOS,HAFNIA TANZANITE,2707.5,1,BAIXO,9753703
ATRACADOS,LOWLANDS HOPE,12138.9,2,MÉDIO,9727182
ATRACADOS,MYRSINI,4835.1,1,BAIXO,9422940
ATRACADOS,FRIEDERIKE SCHULTE,8012.7,2,MÉDIO,9721425
ATRACADOS,MANDARIN SINGAPORE,5017.2,2,MÉDIO,9569968
ATRACADOS,ARSINOE,2292.3,1,BAIXO,9718739
ATRACADOS,MARITIME TRANQUILITY,5048.4,2,MÉDIO,9848338
ATRACADOS,AM POINT LISAS,6957.3,2,MÉDIO,9587477
ATRACADOS,HORIZON THEONI,5309.1,2,MÉDIO,9407407
ATRACADOS,HORIZON ELECTRA,9729.3,2,MÉDIO,9418119
ATRACADOS,EUCALYPTUS,8790.0,2,MÉDIO,9832456
ATRACADOS,AEOLIAN FORTUNE,4064.7,1,BAIXO,9461192
ATRACADOS,THOR CHAICHANA,3376.5,1,BAIXO,9638501
ATRACADOS,INCHEON BAY,9929.4,2,MÉDIO,9791963
ATRACADOS,HORIZON THEONI,5309.1,2,MÉDIO,9407407
ATRACADOS,KYZIKOS,6779.4,2,MÉDIO,9343845
ATRACADOS,FLAGSHIP VIOLET,12719.7,2,MÉDIO,9520857
ATRACADOS,PACCHA,1137.3,0.5,BAIXO,9512185
ATRACADOS,KIBO,7393.5,2,MÉDIO,9719331
ATRACADOS,STAR ASTRID,4847.4,1,BAIXO,9582453
ATRACADOS,THOR CHAICHANA,3376.5,1,BAIXO,9638501
ATRACADOS,SEAMEC GALLANT,7628.1,2,MÉDIO,9599004
ATRACADOS,BRIGHT IMABARI,5551.2,2,MÉDIO,9801316
ATRACADOS,SEAWAYS LOOKOUT,7540.5,2,MÉDIO,9700342
ATRACADOS,ETERNITY SW,2429.4,1,BAIXO,9425851
ATRACADOS,FLAGSHIP VIOLET,12719.7,2,MÉDIO,9520857
ATRACADOS,AVANTI,-1387.8,0.5,BAIXO,9403334
ATRACADOS,KIBO,7393.5,2,MÉDIO,9719331
ATRACADOS,MAGIC CALLISTO,2319.0,1,BAIXO,9641704
ATRACADOS,CIELO DI IYO,457.2,0.5,BAIXO,9808340
ATRACADOS,FEDERAL BERING,4116.6,1,BAIXO,9697832
ATRACADOS,BRIGHT IMABARI,5551.2,2,MÉDIO,9801316
ATRACADOS,SEAWAYS LOOKOUT,7540.5,2,MÉDIO,9700342
ATRACADOS,SANTA INES,14984.7,2,MÉDIO,9860623
ATRACADOS,SERGIO BUARQUE DE HOLANDA,12171.9,2,MÉDIO,9489900
ATRACADOS,AVANTI,-1387.8,0.5,BAIXO,9403334
ATRACADOS,ROBUSTA,-158291.4,0.5,BAIXO,9824992
ATRACADOS,MAGIC CALLISTO,2319.0,1,BAIXO,9641704
ATRACADOS,CIELO DI IYO,457.2,0.5,BAIXO,9808340
ATRACADOS,FEDERAL BERING,4116.6,1,BAIXO,9697832
ATRACADOS,CL XIANGXI,4898.4,1,BAIXO,9938779
ATRACADOS,SEAWAYS LOOKOUT,7540.5,2,MÉDIO,9700342
ATRACADOS,EVER ZENITH,4800.0,1,BAIXO,9913339
ATRACADOS,JOROPO,5823.0,2,MÉDIO,9380087
ATRACADOS,AVANTI,-1387.8,0.5,BAIXO,9403334
ATRACADOS,ROBUSTA,-158291.4,0.5,BAIXO,9824992
ATRACADOS,PHOENIX OCEAN,3050.7,1,BAIXO,9591997
ATRACADOS,CIELO DI IYO,457.2,0.5,BAIXO,9808340
ATRACADOS,UNISPIRIT,1640.7,1,BAIXO,9356402
ATRACADOS,CL XIANGXI,4898.4,1,BAIXO,9938779
ATRACADOS,G BRIGHT,4094.7,1,BAIXO,9294276
ATRACADOS,FEDERAL CHAMPLAIN,6904.2,2,MÉDIO,9671058
ATRACADOS,JOROPO,5823.0,2,MÉDIO,9380087
ATRACADOS,AVANTI,-1387.8,0.5,BAIXO,9403334
ATRACADOS,ROBUSTA,-158291.4,0.5,BAIXO,9824992
ATRACADOS,NORDIC STAVANGER,2751.6,1,BAIXO,9514377
ATRACADOS,GENTLE SEAS,14520.0,2,MÉDIO,9703514
ATRACADOS,LUCIO COSTA,479.1,0.5,BAIXO,9596856
ATRACADOS,GOODWYN ISLAND,-611.1,0.5,BAIXO,9802308
ATRACADOS,NAVE JUPITER,1499.7,0.5,BAIXO,9657038
ATRACADOS,ALMA,3584.1,1,BAIXO,9706530
ATRACADOS,STENA PROGRESS,8915.4,2,MÉDIO,9390020
ATRACADOS,ENDLESS SUMMER,4499.7,1,BAIXO,9425540
ATRACADOS,STAR LUSTER,13602.0,2,MÉDIO,9603805
ATRACADOS,SAKIZAYA DIAMOND,3431.4,1,BAIXO,9697868
ATRACADOS,LUCIO COSTA,479.1,0.5,BAIXO,9596856
ATRACADOS,GOODWYN ISLAND,-611.1,0.5,BAIXO,9802308
ATRACADOS,NAVE JUPITER,1499.7,0.5,BAIXO,9657038
ATRACADOS,ALMA,3584.1,1,BAIXO,9706530
ATRACADOS,BEKS FENIX,5171.1,2,MÉDIO,9356751
ATRACADOS,ENDLESS SUMMER,4499.7,1,BAIXO,9425540
ATRACADOS,ARACARI ARROW,6016.8,2,MÉDIO,9008706
ATRACADOS,KANG MAY,6000.3,2,MÉDIO,9774472
ATRACADOS,AMIS JUSTICE,7059.3,2,MÉDIO,9732424
ATRACADOS,BBC EVEREST,2459.4,1,BAIXO,9508407
ATRACADOS,GRAND OCEAN,5006.7,2,MÉDIO,9949651
ATRACADOS,OCEAN ELECTRA,12833.1,2,MÉDIO,9402782
ATRACADOS,DEVBULK CANSEN,168.3,0.5,BAIXO,9703459
ATRACADOS,CLEAROCEAN MELODY,2698.5,1,BAIXO,9849265
ATRACADOS,SHAMROCK JUPITER,3178.8,1,BAIXO,9416082
ATRACADOS,KANG MAY,6000.3,2,MÉDIO,9774472
ATRACADOS,AMIS JUSTICE,7059.3,2,MÉDIO,9732424
ATRACADOS,BBC EVEREST,2459.4,1,BAIXO,9508407
ATRACADOS,ALANOOD,4704.3,1,BAIXO,9837121
ATRACADOS,JOROPO,3093.0,1,BAIXO,9380087
ATRACADOS,DEVBULK CANSEN,168.3,0.5,BAIXO,9703459
ATRACADOS,ALHENA,10026.0,2,MÉDIO,9538141
ATRACADOS,FALCON TRADER,4231.5,1,BAIXO,9863833
ATRACADOS,RICHWAY TRADER,4869.3,1,BAIXO,9936757
ATRACADOS,AMIS JUSTICE,7059.3,2,MÉDIO,9732424
ATRACADOS,MEGHNA VICTORY,8217.0,2,MÉDIO,9928827
ATRACADOS,JOROPO,3093.0,1,BAIXO,9380087
ATRACADOS,SM HARMONY1,2368.2,1,BAIXO,9842528
ATRACADOS,SKS DELTA,-523.2,0.5,BAIXO,9426312
ATRACADOS,ALHENA,10026.0,2,MÉDIO,9538141
ATRACADOS,FALCON TRADER,4231.5,1,BAIXO,9863833
ATRACADOS,PROTECTOR,5807.1,2,MÉDIO,9942615
ATRACADOS,PACIFIC WAVE,793.2,0.5,BAIXO,9801275
ATRACADOS,MEGHNA VICTORY,8217.0,2,MÉDIO,9928827
ATRACADOS,CL GENEVA,3788.7,1,BAIXO,9911587
ATRACADOS,ROMULO ALMEIDA,11145.0,2,MÉDIO,9489912
ATRACADOS,NAVIOS ALEGRIA,3405.6,1,BAIXO,9757785
ATRACADOS,SKS DELTA,-523.2,0.5,BAIXO,9426312
ATRACADOS,TORM CORRIDO,9825.6,2,MÉDIO,9411305
ATRACADOS,FALCON TRADER,4231.5,1,BAIXO,9863833
ATRACADOS,DELIGHT DIVA,3664.8,1,BAIXO,9959761
ATRACADOS,JEN LR,3297.3,1,BAIXO,9947249
ATRACADOS,CLYDE,13199.7,2,MÉDIO,9836452
ATRACADOS,PS HAMBURG,5189.7,2,MÉDIO,9657806
ATRACADOS,GIEWONT,4375.8,1,BAIXO,9452593
ATRACADOS,AVANTI,7191.6,2,MÉDIO,9403334
ATRACADOS,NORAH,8687.1,2,MÉDIO,9460289
ATRACADOS,FORTUNE SUN,2457.9,1,BAIXO,9267211
ATRACADOS,STAR OMICRON,3258.3,1,BAIXO,9313022
ATRACADOS,DARCY RIBEIRO,624.9,0.5,BAIXO,9596832
ATRACADOS,INDUSTRIAL CHALLENGER,-44682.9,0.5,BAIXO,9213935
ATRACADOS,JEN LR,3297.3,1,BAIXO,9947249
ATRACADOS,GIEWONT,4375.8,1,BAIXO,9452593
ATRACADOS,PS HAMBURG,5189.7,2,MÉDIO,9657806
ATRACADOS,BOW TRIUMPH,12996.6,2,MÉDIO,9669902
ATRACADOS,STAR DALMATIA,5847.9,2,MÉDIO,9548835
ATRACADOS,IOLCOS UNITY,3142.8,1,BAIXO,9313058
ATRACADOS,STAR OMICRON,3258.3,1,BAIXO,9313022
ATRACADOS,MORNINGSTAR,7036.8,2,MÉDIO,9263069
ATRACADOS,CHRYSANTHI S,4145.4,1,BAIXO,9527441
ATRACADOS,ANIKITOS,6162.3,2,MÉDIO,9953444
ATRACADOS,ORNAK,4403.1,1,BAIXO,9452610
ATRACADOS,TORM ALICE,-480.3,0.5,BAIXO,9465966
ATRACADOS,HANA,-803.7,0.5,BAIXO,9353113
ATRACADOS,STAR JUVENTAS,551.1,0.5,BAIXO,9254642
ATRACADOS,GEORGIA T,5224.5,2,MÉDIO,9583756
ATRACADOS,STAR MISTRAL,13127.7,2,MÉDIO,9684225
ATRACADOS,SEAHORSE,6174.0,2,MÉDIO,9594456
ATRACADOS,ULTRA TIGER,5283.3,2,MÉDIO,9414149
ATRACADOS,FPMC 34,7479.3,2,MÉDIO,9845166
ATRACADOS,WOOLLOOMOOLOO,-193180.8,0.5,BAIXO,9584499
ATRACADOS,SEAWAYS LOOKOUT,5194.2,2,MÉDIO,9700342
ATRACADOS,PUFFIN ARROW,1190.1,0.5,BAIXO,9566605
ATRACADOS,BADGER ISLAND,2425.8,1,BAIXO,9578294
ATRACADOS,PORT KYOTO,13917.6,2,MÉDIO,9942093
ATRACADOS,GOLDEN KEEN,5416.8,2,MÉDIO,9595723
ATRACADOS,CHIOS LUCK,9093.6,2,MÉDIO,9643805
ATRACADOS,NAVE JUPITER,1362.0,0.5,BAIXO,9657038
ATRACADOS,TINOS,6963.3,2,MÉDIO,9597795
ATRACADOS,ANDIAMO,-1402.8,0.5,BAIXO,9512757
ATRACADOS,ENDLESS SUMMER,6089.7,2,MÉDIO,9425540
ATRACADOS,PUFFIN ARROW,1190.1,0.5,BAIXO,9566605
ATRACADOS,SCARLET FALCON,2991.0,1,BAIXO,9609433
ATRACADOS,ULTRA RELIANCE,19098.6,2,MÉDIO,9925760
ATRACADOS,TORM HELENE,-1327.5,0.5,BAIXO,9904871
ATRACADOS,ENDLESS SUMMER,6089.7,2,MÉDIO,9425540
Situacao,Navio,Deslastre Estimado,Pontos por Faixa,Nível de Risco,IMO
ESPERANDO,GREAT SEA,-26093.4,0.5,BAIXO,9423566
ESPERANDO,THOR CHAICHANA,3376.5,1,BAIXO,9638501
ESPERANDO,SCARLETT MANX,12668.4,2,MÉDIO,9801718
ESPERANDO,AMIS JUSTICE,7059.3,2,MÉDIO,9732424
ESPERANDO,INDUSTRIAL MERCHANT,-72744.3,0.5,BAIXO,9534470
ESPERANDO,MEGHNA SUN,12390.0,2,MÉDIO,9717072
ESPERANDO,INCHEON BAY,9930.3,2,MÉDIO,9791963
ESPERANDO,FRIEDERIKE SCHULTE,8012.7,2,MÉDIO,9721425
ESPERANDO,LOWLANDS HOPE,12138.9,2,MÉDIO,9727182
ESPERANDO,KIBO,7393.5,2,MÉDIO,9719331
ESPERANDO,EUCALYPTUS,8790.0,2,MÉDIO,9832456
ESPERANDO,GENTLE SEAS,14520.0,2,MÉDIO,9703514
ESPERANDO,SEAMEC GALLANT,7628.1,2,MÉDIO,9599004
ESPERANDO,GITA,3388.5,1,BAIXO,9956185
ESPERANDO,HSL VEGAS,2994.3,1,BAIXO,9928372
ESPERANDO,SYROS I,4911.0,1,BAIXO,9597800
ESPERANDO,JOY,4337.1,1,BAIXO,9481465
ESPERANDO,FARMER,4662.3,1,BAIXO,9589267
ESPERANDO,YASA FALCON,3656.4,1,BAIXO,9597123
ESPERANDO,KESARIA,4779.6,1,BAIXO,9418444
ESPERANDO,ARSINOE,2434.8,1,BAIXO,9718739
ESPERANDO,MYRSINI,4835.1,1,BAIXO,9422940
ESPERANDO,SAKIZAYA KALON,858.3,0.5,BAIXO,9749908
ESPERANDO,STALO,3210.0,1,BAIXO,9758404
ESPERANDO,BOLERO,13828.2,2,MÉDIO,9468815
ESPERANDO,TORM CAVATINA,6290.1,2,MÉDIO,9343209
ESPERANDO,JAG PUSHPA,7800.0,2,MÉDIO,9315733
ESPERANDO,DN 204,113400.0,2,MÉDIO,9559200
ESPERANDO,BRAGE R,-59040.0,0.5,BAIXO,9144380
ESPERANDO,ANDREAS PETRAKIS,2999.7,1,BAIXO,9664952
ESPERANDO,SEA BIRD,3833.1,1,BAIXO,9583172
ESPERANDO,PEDHOULAS MERCHANT,5149.2,2,MÉDIO,9279800
ESPERANDO,GOLF,-37666.5,0.5,BAIXO,9580120
ESPERANDO,HORIZON ELECTRA,13127.7,2,MÉDIO,9418119
ESPERANDO,MARITIME TRANQUILITY,5048.4,2,MÉDIO,9848338
ESPERANDO,GREAT SEA,11706.6,2,MÉDIO,9423566
ESPERANDO,SCARLETT MANX,12668.4,2,MÉDIO,9801718
ESPERANDO,THOR CHAICHANA,3376.5,1,BAIXO,9638501
ESPERANDO,AMIS JUSTICE,7059.3,2,MÉDIO,9732424
ESPERANDO,INDUSTRIAL MERCHANT,-72744.3,0.5,BAIXO,9534470
ESPERANDO,MEGHNA SUN,12390.0,2,MÉDIO,9717072
ESPERANDO,FRIEDERIKE SCHULTE,8012.7,2,MÉDIO,9721425
ESPERANDO,INCHEON BAY,9930.3,2,MÉDIO,9791963
ESPERANDO,ECO ANGELBAY,6034.5,2,MÉDIO,9385166
ESPERANDO,KIBO,7393.5,2,MÉDIO,9719331
ESPERANDO,EUCALYPTUS,8790.0,2,MÉDIO,9832456
ESPERANDO,GENTLE SEAS,14520.0,2,MÉDIO,9703514
ESPERANDO,SEAMEC GALLANT,7628.1,2,MÉDIO,9599004
ESPERANDO,AQUAPRIMA,3180.0,1,BAIXO,9933248
ESPERANDO,SYROS I,4911.0,1,BAIXO,9597800
ESPERANDO,STALO,3210.0,1,BAIXO,9758404
ESPERANDO,GITA,3388.5,1,BAIXO,9956185
ESPERANDO,HSL VEGAS,2994.3,1,BAIXO,9928372
ESPERANDO,SAKIZAYA KALON,858.3,0.5,BAIXO,9749908
ESPERANDO,YASA FALCON,3656.4,1,BAIXO,9597123
ESPERANDO,KESARIA,4779.6,1,BAIXO,9418444
ESPERANDO,MV GLORY CUIABA,2824.5,1,BAIXO,9311189
ESPERANDO,STAR ASTRID,4847.4,1,BAIXO,9582453
ESPERANDO,ARSINOE,2434.8,1,BAIXO,9718739
ESPERANDO,MYRSINI,4835.1,1,BAIXO,9422940
ESPERANDO,BRAGE R,-59040.0,0.5,BAIXO,9144380
ESPERANDO,DN 204,113400.0,2,MÉDIO,9559200
ESPERANDO,BOW TRIBUTE,13086.6,2,MÉDIO,9669885
ESPERANDO,ANDREAS PETRAKIS,2999.7,1,BAIXO,9664952
ESPERANDO,GOLF,-37666.5,0.5,BAIXO,9580120
ESPERANDO,JAG PUSHPA,7754.4,2,MÉDIO,9315733
ESPERANDO,BOLERO,13828.2,2,MÉDIO,9468815
ESPERANDO,TORM CAVATINA,6290.1,2,MÉDIO,9343209
ESPERANDO,HAFNIA TANZANITE,2707.5,1,BAIXO,9753703
ESPERANDO,SEAWAYS LOOKOUT,9707.1,2,MÉDIO,9700342
ESPERANDO,HORIZON ELECTRA,13127.7,2,MÉDIO,9418119
ESPERANDO,GREAT SEA,11706.6,2,MÉDIO,9423566
ESPERANDO,PINE ARROW,2262.3,1,BAIXO,9107306
ESPERANDO,INDUSTRIAL MERCHANT,-72744.3,0.5,BAIXO,9534470
ESPERANDO,EUCALYPTUS,8790.0,2,MÉDIO,9832456
ESPERANDO,AMIS JUSTICE,7059.3,2,MÉDIO,9732424
ESPERANDO,THOR CHAICHANA,3376.5,1,BAIXO,9638501
ESPERANDO,MEGHNA SUN,12390.0,2,MÉDIO,9717072
ESPERANDO,SCARLETT MANX,14768.4,2,MÉDIO,9801718
ESPERANDO,INCHEON BAY,9930.3,2,MÉDIO,9791963
ESPERANDO,FRIEDERIKE SCHULTE,8012.7,2,MÉDIO,9721425
ESPERANDO,ECO ANGELBAY,6034.5,2,MÉDIO,9385166
ESPERANDO,FEDERAL BERING,4116.6,1,BAIXO,9697832
ESPERANDO,KIBO,7393.5,2,MÉDIO,9719331
ESPERANDO,SEAMEC GALLANT,7628.1,2,MÉDIO,9599004
ESPERANDO,STAR MISTRAL,13127.7,2,MÉDIO,9684225
ESPERANDO,GENTLE SEAS,14520.0,2,MÉDIO,9703514
ESPERANDO,STALO,3210.0,1,BAIXO,9758404
ESPERANDO,HSL VEGAS,2994.3,1,BAIXO,9928372
ESPERANDO,SPAR NORMA,3370.5,1,BAIXO,9774850
ESPERANDO,MV GLORY CUIABA,2824.5,1,BAIXO,9311189
ESPERANDO,AQUAPRIMA,3180.0,1,BAIXO,9933248
ESPERANDO,YASA FALCON,3656.4,1,BAIXO,9597123
ESPERANDO,ARSINOE,2434.8,1,BAIXO,9718739
ESPERANDO,MAGIC CALLISTO,2319.0,1,BAIXO,9641704
ESPERANDO,STAR ASTRID,4847.4,1,BAIXO,9582453
ESPERANDO,MYRSINI,4835.1,1,BAIXO,9422940
ESPERANDO,SAKIZAYA KALON,858.3,0.5,BAIXO,9749908
ESPERANDO,INES CORRADO,5169.9,2,MÉDIO,9602772
ESPERANDO,KESARIA,4779.6,1,BAIXO,9418444
ESPERANDO,BRAGE R,-59040.0,0.5,BAIXO,9144380
ESPERANDO,DN 204,113400.0,2,MÉDIO,9559200
ESPERANDO,JAG PUSHPA,7754.4,2,MÉDIO,9315733
ESPERANDO,TORM CAVATINA,6290.1,2,MÉDIO,9343209
ESPERANDO,BOLERO,13828.2,2,MÉDIO,9468815
ESPERANDO,ANDREAS PETRAKIS,2999.7,1,BAIXO,9664952
ESPERANDO,GOLF,-37666.5,0.5,BAIXO,9580120
ESPERANDO,SEAWAYS LOOKOUT,9707.1,2,MÉDIO,9700342
ESPERANDO,HORIZON ELECTRA,13127.7,2,MÉDIO,9418119
ESPERANDO,HAFNIA TANZANITE,2707.5,1,BAIXO,9753703
ESPERANDO,GREAT SEA,11706.6,2,MÉDIO,9423566
ESPERANDO,PINE ARROW,2262.3,1,BAIXO,9107306
ESPERANDO,AMIS JUSTICE,7059.3,2,MÉDIO,9732424
ESPERANDO,THOR CHAICHANA,3376.5,1,BAIXO,9638501
ESPERANDO,INDUSTRIAL MERCHANT,-72744.3,0.5,BAIXO,9534470
ESPERANDO,MEGHNA SUN,12390.0,2,MÉDIO,9717072
ESPERANDO,SCARLETT MANX,14768.4,2,MÉDIO,9801718
ESPERANDO,INCHEON BAY,9930.3,2,MÉDIO,9791963
ESPERANDO,FRIEDERIKE SCHULTE,8012.7,2,MÉDIO,9721425
ESPERANDO,ECO ANGELBAY,6034.5,2,MÉDIO,9385166
ESPERANDO,EUCALYPTUS,8790.0,2,MÉDIO,9832456
ESPERANDO,FEDERAL BERING,4116.6,1,BAIXO,9697832
ESPERANDO,KIBO,7393.5,2,MÉDIO,9719331
ESPERANDO,SEAMEC GALLANT,7628.1,2,MÉDIO,9599004
ESPERANDO,STAR MISTRAL,13127.7,2,MÉDIO,9684225
ESPERANDO,GENTLE SEAS,14520.0,2,MÉDIO,9703514
ESPERANDO,MV GLORY CUIABA,2824.5,1,BAIXO,9311189
ESPERANDO,ARSINOE,2434.8,1,BAIXO,9718739
ESPERANDO,HSL VEGAS,2994.3,1,BAIXO,9928372
ESPERANDO,STALO,3210.0,1,BAIXO,9758404
ESPERANDO,SPAR NORMA,3370.5,1,BAIXO,9774850
ESPERANDO,YASA FALCON,3656.4,1,BAIXO,9597123
ESPERANDO,INES CORRADO,5169.9,2,MÉDIO,9602772
ESPERANDO,MAGIC CALLISTO,2319.0,1,BAIXO,9641704
ESPERANDO,STAR ASTRID,4847.4,1,BAIXO,9582453
ESPERANDO,MYRSINI,4835.1,1,BAIXO,9422940
ESPERANDO,AQUAPRIMA,3180.0,1,BAIXO,9933248
ESPERANDO,SAKIZAYA KALON,858.3,0.5,BAIXO,9749908
ESPERANDO,KESARIA,4779.6,1,BAIXO,9418444
ESPERANDO,BRAGE R,-59040.0,0.5,BAIXO,9144380
ESPERANDO,DN 204,113400.0,2,MÉDIO,9559200
ESPERANDO,TORM CAVATINA,6290.1,2,MÉDIO,9343209
ESPERANDO,BOLERO,13828.2,2,MÉDIO,9468815
ESPERANDO,JAG PUSHPA,7754.4,2,MÉDIO,9315733
ESPERANDO,ANDREAS PETRAKIS,2999.7,1,BAIXO,9664952
ESPERANDO,GOLF,-37666.5,0.5,BAIXO,9580120
ESPERANDO,SEAWAYS LOOKOUT,9707.1,2,MÉDIO,9700342
ESPERANDO,HORIZON ELECTRA,13127.7,2,MÉDIO,9418119
ESPERANDO,HAFNIA TANZANITE,2707.5,1,BAIXO,9753703
ESPERANDO,PINE ARROW,2262.3,1,BAIXO,9107306
ESPERANDO,AMIS JUSTICE,7059.3,2,MÉDIO,9732424
ESPERANDO,THOR CHAICHANA,3376.5,1,BAIXO,9638501
ESPERANDO,DARCY RIBEIRO,624.9,0.5,BAIXO,9596832
ESPERANDO,MEGHNA SUN,12390.0,2,MÉDIO,9717072
ESPERANDO,FRIEDERIKE SCHULTE,8012.7,2,MÉDIO,9721425
ESPERANDO,SCARLETT MANX,14768.4,2,MÉDIO,9801718
ESPERANDO,INCHEON BAY,9929.4,2,MÉDIO,9791963
ESPERANDO,ECO ANGELBAY,6034.5,2,MÉDIO,9385166
ESPERANDO,KIBO,7393.5,2,MÉDIO,9719331
ESPERANDO,FEDERAL CHAMPLAIN,6904.2,2,MÉDIO,9671058
ESPERANDO,FEDERAL BERING,4116.6,1,BAIXO,9697832
ESPERANDO,EUCALYPTUS,8790.0,2,MÉDIO,9832456
ESPERANDO,GENTLE SEAS,14520.0,2,MÉDIO,9703514
ESPERANDO,STAR MISTRAL,13127.7,2,MÉDIO,9684225
ESPERANDO,SEAMEC GALLANT,7628.1,2,MÉDIO,9599004
ESPERANDO,MYRSINI,4835.1,1,BAIXO,9422940
ESPERANDO,YASA FALCON,3656.4,1,BAIXO,9597123
ESPERANDO,ARSINOE,2292.3,1,BAIXO,9718739
ESPERANDO,SAKIZAYA KALON,858.3,0.5,BAIXO,9749908
ESPERANDO,AEOLIAN FORTUNE,4064.7,1,BAIXO,9461192
ESPERANDO,KESARIA,4779.6,1,BAIXO,9418444
ESPERANDO,MAGIC CALLISTO,2319.0,1,BAIXO,9641704
ESPERANDO,MV GLORY CUIABA,2824.5,1,BAIXO,9311189
ESPERANDO,STAR ASTRID,4847.4,1,BAIXO,9582453
ESPERANDO,AQUAPRIMA,3180.0,1,BAIXO,9933248
ESPERANDO,BRAGE R,-59040.0,0.5,BAIXO,9144380
ESPERANDO,BOLERO,13828.2,2,MÉDIO,9468815
ESPERANDO,DN 204,113400.0,2,MÉDIO,9559200
ESPERANDO,GOLF,-37666.5,0.5,BAIXO,9580120
ESPERANDO,AM POINT LISAS,6957.3,2,MÉDIO,9587477
ESPERANDO,INES CORRADO,5169.9,2,MÉDIO,9602772
ESPERANDO,TORM CAVATINA,6290.1,2,MÉDIO,9343209
ESPERANDO,HORIZON ELECTRA,13127.7,2,MÉDIO,9418119
ESPERANDO,HAFNIA TANZANITE,2707.5,1,BAIXO,9753703
ESPERANDO,ALHENA,14646.0,2,MÉDIO,9538141
ESPERANDO,GRANDIS,12888.3,2,MÉDIO,9824980
ESPERANDO,ROBUSTA,-158291.4,0.5,BAIXO,9824992
ESPERANDO,SANTA INES,14984.7,2,MÉDIO,9860623
ESPERANDO,STAR LUSTER,13602.0,2,MÉDIO,9603805
ESPERANDO,FEDERAL SKYE,1239.9,0.5,BAIXO,9606833
ESPERANDO,AMIS JUSTICE,7059.3,2,MÉDIO,9732424
ESPERANDO,MORNINGSTAR,7036.8,2,MÉDIO,9263069
ESPERANDO,MEGHNA SUN,12390.0,2,MÉDIO,9717072
ESPERANDO,CIELO DI IYO,457.2,0.5,BAIXO,9808340
ESPERANDO,THOR CHAICHANA,3376.5,1,BAIXO,9638501
ESPERANDO,STAR MISTRAL,13127.7,2,MÉDIO,9684225
ESPERANDO,KIBO,7393.5,2,MÉDIO,9719331
ESPERANDO,ECO ANGELBAY,5629.5,2,MÉDIO,9385166
ESPERANDO,AKSON SANDRA,7322.4,2,MÉDIO,9537264
ESPERANDO,SEAMEC GALLANT,7628.1,2,MÉDIO,9599004
ESPERANDO,GENTLE SEAS,14520.0,2,MÉDIO,9703514
ESPERANDO,SCARLETT MANX,14768.4,2,MÉDIO,9801718
ESPERANDO,UNISPIRIT,1640.7,1,BAIXO,9356402
ESPERANDO,FEDERAL CHAMPLAIN,6904.2,2,MÉDIO,9671058
ESPERANDO,EUCALYPTUS,8790.0,2,MÉDIO,9832456
ESPERANDO,FEDERAL BERING,4116.6,1,BAIXO,9697832
ESPERANDO,CL XIANGXI,4898.4,1,BAIXO,9938779
ESPERANDO,MV AGIOS NIKOLAS,3270.6,1,BAIXO,9702728
ESPERANDO,MAGIC CALLISTO,2319.0,1,BAIXO,9641704
ESPERANDO,BUILDER,-183437.7,0.5,BAIXO,9589255
ESPERANDO,KANG MAY,6000.3,2,MÉDIO,9774472
ESPERANDO,PHOENIX OCEAN,2836.5,1,BAIXO,9591997
ESPERANDO,GOODWYN ISLAND,-611.1,0.5,BAIXO,9802308
ESPERANDO,SAKIZAYA DIAMOND,3431.4,1,BAIXO,9697868
ESPERANDO,BRAGE R,-59040.0,0.5,BAIXO,9144380
ESPERANDO,DN 204,113400.0,2,MÉDIO,9559200
ESPERANDO,G BRIGHT,4094.7,1,BAIXO,9294276
ESPERANDO,GOLF,-37666.5,0.5,BAIXO,9580120
ESPERANDO,KYZIKOS,6779.4,2,MÉDIO,9343845
ESPERANDO,ETERNITY SW,2429.4,1,BAIXO,9425851
ESPERANDO,NAVIOS ALEGRIA,3405.6,1,BAIXO,9757785
ESPERANDO,EVER ZENITH,4800.0,1,BAIXO,9913339
ESPERANDO,TORM CORRIDO,10546.8,2,MÉDIO,9411305
ESPERANDO,PACCHA,1137.3,0.5,BAIXO,9512185
ESPERANDO,IONIC STORM,14533.5,2,MÉDIO,9332963
ESPERANDO,ROBUSTA,-158291.4,0.5,BAIXO,9824992
ESPERANDO,GRANDIS,12888.3,2,MÉDIO,9824980
ESPERANDO,AMIS JUSTICE,7059.3,2,MÉDIO,9732424
ESPERANDO,CIELO DI IYO,457.2,0.5,BAIXO,9808340
ESPERANDO,SANTA INES,14984.7,2,MÉDIO,9860623
ESPERANDO,STAR LUSTER,13602.0,2,MÉDIO,9603805
ESPERANDO,FEDERAL BERING,4116.6,1,BAIXO,9697832
ESPERANDO,MORNINGSTAR,7036.8,2,MÉDIO,9263069
ESPERANDO,FEDERAL SKYE,1239.9,0.5,BAIXO,9606833
ESPERANDO,GENTLE SEAS,14520.0,2,MÉDIO,9703514
ESPERANDO,COYOTE,7803.0,2,MÉDIO,9474216
ESPERANDO,UNISPIRIT,1640.7,1,BAIXO,9356402
ESPERANDO,STAR MISTRAL,13127.7,2,MÉDIO,9684225
ESPERANDO,SEAMEC GALLANT,7628.1,2,MÉDIO,9599004
ESPERANDO,FEDERAL CHAMPLAIN,6904.2,2,MÉDIO,9671058
ESPERANDO,ECO ANGELBAY,5629.5,2,MÉDIO,9385166
ESPERANDO,SCARLETT MANX,14768.4,2,MÉDIO,9801718
ESPERANDO,OSCAR NIEMEYER,450.0,0.5,BAIXO,9596820
ESPERANDO,AKSON SANDRA,7322.4,2,MÉDIO,9537264
ESPERANDO,KANG MAY,6000.3,2,MÉDIO,9774472
ESPERANDO,NORDIC STAVANGER,2751.6,1,BAIXO,9514377
ESPERANDO,CL XIANGXI,4898.4,1,BAIXO,9938779
ESPERANDO,GRAND OCEAN,5006.7,2,MÉDIO,9949651
ESPERANDO,MV AGIOS NIKOLAS,3270.6,1,BAIXO,9702728
ESPERANDO,MAGIC CALLISTO,2319.0,1,BAIXO,9641704
ESPERANDO,G BRIGHT,4094.7,1,BAIXO,9294276
ESPERANDO,THOR CHAICHANA,2131.5,1,BAIXO,9638501
ESPERANDO,DN 204,113400.0,2,MÉDIO,9559200
ESPERANDO,BRAGE R,-59040.0,0.5,BAIXO,9144380
ESPERANDO,FLUMAR BRASIL,12566.4,2,MÉDIO,9416836
ESPERANDO,SM HARMONY1,2368.2,1,BAIXO,9842528
ESPERANDO,KYZIKOS,6779.4,2,MÉDIO,9343845
ESPERANDO,NAVIOS ALEGRIA,3405.6,1,BAIXO,9757785
ESPERANDO,EVER ZENITH,4800.0,1,BAIXO,9913339
ESPERANDO,GOLF,-37666.5,0.5,BAIXO,9580120
ESPERANDO,TORM CORRIDO,11095.5,2,MÉDIO,9411305
ESPERANDO,AVANTI,1902.0,1,BAIXO,9403334
ESPERANDO,SERGIO BUARQUE DE HOLANDA,6111.9,2,MÉDIO,9489900
ESPERANDO,NAVE JUPITER,1499.7,0.5,BAIXO,9657038
ESPERANDO,IONIC STORM,14533.5,2,MÉDIO,9332963
ESPERANDO,MAERSK CEBU,13355.7,2,MÉDIO,9786176
ESPERANDO,ROBUSTA,-158291.4,0.5,BAIXO,9824992
ESPERANDO,FALCON TRADER,4231.5,1,BAIXO,9863833
ESPERANDO,ECO ANGELBAY,5629.5,2,MÉDIO,9385166
ESPERANDO,SANTA INES,14984.7,2,MÉDIO,9860623
ESPERANDO,FEDERAL SKYE,1239.9,0.5,BAIXO,9606833
ESPERANDO,SCARLETT MANX,14768.4,2,MÉDIO,9801718
ESPERANDO,MORNINGSTAR,7036.8,2,MÉDIO,9263069
ESPERANDO,AKSON SANDRA,7322.4,2,MÉDIO,9537264
ESPERANDO,STAR MISTRAL,13127.7,2,MÉDIO,9684225
ESPERANDO,GENTLE SEAS,14520.0,2,MÉDIO,9703514
ESPERANDO,DEVBULK CANSEN,168.3,0.5,BAIXO,9703459
ESPERANDO,COYOTE,7803.0,2,MÉDIO,9474216
ESPERANDO,FEDERAL CHAMPLAIN,6904.2,2,MÉDIO,9671058
ESPERANDO,CL XIANGXI,4898.4,1,BAIXO,9938779
ESPERANDO,ALANOOD,4704.3,1,BAIXO,9837121
ESPERANDO,SALAMINIAN,4669.5,1,BAIXO,9717709
ESPERANDO,NAVIOS DOLPHIN,3412.2,1,BAIXO,9782168
ESPERANDO,GRAND OCEAN,5006.7,2,MÉDIO,9949651
ESPERANDO,JEN LR,3297.3,1,BAIXO,9947249
ESPERANDO,IOLCOS UNITY,3142.8,1,BAIXO,9313058
ESPERANDO,MV AGIOS NIKOLAS,3270.6,1,BAIXO,9702728
ESPERANDO,MAGIC CALLISTO,2319.0,1,BAIXO,9641704
ESPERANDO,BRAGE R,-59040.0,0.5,BAIXO,9144380
ESPERANDO,DN 204,113400.0,2,MÉDIO,9559200
ESPERANDO,TORM CORRIDO,11095.5,2,MÉDIO,9411305
ESPERANDO,AVANTI,1902.0,1,BAIXO,9403334
ESPERANDO,THOR CHAICHANA,2131.5,1,BAIXO,9638501
ESPERANDO,GOLF,-37666.5,0.5,BAIXO,9580120
ESPERANDO,SM HARMONY1,2368.2,1,BAIXO,9842528
ESPERANDO,BAHRI GRAIN,5056.5,2,MÉDIO,9660528
ESPERANDO,CHRISTIANA P,828.6,0.5,BAIXO,9580508
ESPERANDO,BEKS FENIX,5171.1,2,MÉDIO,9356751
ESPERANDO,IONIC STORM,14533.5,2,MÉDIO,9332963
ESPERANDO,ROBUSTA,-158291.4,0.5,BAIXO,9824992
ESPERANDO,SCARLETT MANX,14768.4,2,MÉDIO,9801718
ESPERANDO,MORNINGSTAR,7036.8,2,MÉDIO,9263069
ESPERANDO,STAR OMICRON,3258.3,1,BAIXO,9313022
ESPERANDO,FEDERAL SKYE,1239.9,0.5,BAIXO,9606833
ESPERANDO,AKSON SANDRA,7322.4,2,MÉDIO,9537264
ESPERANDO,FALCON TRADER,4231.5,1,BAIXO,9863833
ESPERANDO,STAR MISTRAL,13127.7,2,MÉDIO,9684225
ESPERANDO,GENTLE SEAS,14520.0,2,MÉDIO,9703514
ESPERANDO,BBC EVEREST,2459.4,1,BAIXO,9508407
ESPERANDO,ECO ANGELBAY,5629.5,2,MÉDIO,9385166
ESPERANDO,LUCIO COSTA,479.1,0.5,BAIXO,9596856
ESPERANDO,DEVBULK CANSEN,168.3,0.5,BAIXO,9703459
ESPERANDO,COYOTE,7803.0,2,MÉDIO,9474216
ESPERANDO,FEDERAL CHAMPLAIN,6904.2,2,MÉDIO,9671058
ESPERANDO,IOLCOS UNITY,3142.8,1,BAIXO,9313058
ESPERANDO,SALAMINIAN,4669.5,1,BAIXO,9717709
ESPERANDO,CL XIANGXI,4898.4,1,BAIXO,9938779
ESPERANDO,PROTECTOR,5807.1,2,MÉDIO,9942615
ESPERANDO,MAGIC CALLISTO,2319.0,1,BAIXO,9641704
ESPERANDO,DELIGHT DIVA,3664.8,1,BAIXO,9959761
ESPERANDO,ALANOOD,4704.3,1,BAIXO,9837121
ESPERANDO,GRAND OCEAN,5006.7,2,MÉDIO,9949651
ESPERANDO,JEN LR,3297.3,1,BAIXO,9947249
ESPERANDO,BOW TRIUMPH,12996.6,2,MÉDIO,9669902
ESPERANDO,BEKS FENIX,5171.1,2,MÉDIO,9356751
ESPERANDO,BAHRI GRAIN,5056.5,2,MÉDIO,9660528
ESPERANDO,CHRISTIANA P,828.6,0.5,BAIXO,9580508
ESPERANDO,GOLF,-37666.5,0.5,BAIXO,9580120
ESPERANDO,DN 204,113400.0,2,MÉDIO,9559200
ESPERANDO,BRAGE R,-59040.0,0.5,BAIXO,9144380
ESPERANDO,TORM CORRIDO,11095.5,2,MÉDIO,9411305
ESPERANDO,THOR CHAICHANA,2131.5,1,BAIXO,9638501
ESPERANDO,ROBUSTA,-158291.4,0.5,BAIXO,9824992
ESPERANDO,ARACARI ARROW,6016.8,2,MÉDIO,9008706
ESPERANDO,ECO ANGELBAY,5629.5,2,MÉDIO,9385166
ESPERANDO,STAR OMICRON,3258.3,1,BAIXO,9313022
ESPERANDO,BBC EVEREST,2459.4,1,BAIXO,9508407
ESPERANDO,MORNINGSTAR,7036.8,2,MÉDIO,9263069
ESPERANDO,FALCON TRADER,4231.5,1,BAIXO,9863833
ESPERANDO,PACIFIC WAVE,793.2,0.5,BAIXO,9801275
ESPERANDO,FEDERAL SKYE,1239.9,0.5,BAIXO,9606833
ESPERANDO,GENTLE SEAS,14520.0,2,MÉDIO,9703514
ESPERANDO,DEVBULK CANSEN,168.3,0.5,BAIXO,9703459
ESPERANDO,AKSON SANDRA,7322.4,2,MÉDIO,9537264
ESPERANDO,STAR MISTRAL,13127.7,2,MÉDIO,9684225
ESPERANDO,NORAH,8687.1,2,MÉDIO,9460289
ESPERANDO,COYOTE,7803.0,2,MÉDIO,9474216
ESPERANDO,SCARLETT MANX,14768.4,2,MÉDIO,9801718
ESPERANDO,DELIGHT DIVA,3664.8,1,BAIXO,9959761
ESPERANDO,CL XIANGXI,4898.4,1,BAIXO,9938779
ESPERANDO,IOLCOS UNITY,3142.8,1,BAIXO,9313058
ESPERANDO,SALAMINIAN,4669.5,1,BAIXO,9717709
ESPERANDO,PROTECTOR,5807.1,2,MÉDIO,9942615
ESPERANDO,JEN LR,3297.3,1,BAIXO,9947249
ESPERANDO,RICHWAY TRADER,4869.3,1,BAIXO,9936757
ESPERANDO,BOW TRIUMPH,12996.6,2,MÉDIO,9669902
ESPERANDO,ENDLESS SUMMER,4499.7,1,BAIXO,9425540
ESPERANDO,TORM CORRIDO,11095.5,2,MÉDIO,9411305
ESPERANDO,GOLF,-37666.5,0.5,BAIXO,9580120
ESPERANDO,CHRISTIANA P,828.6,0.5,BAIXO,9580508
ESPERANDO,BAHRI GRAIN,5056.5,2,MÉDIO,9660528
ESPERANDO,THOR CHAICHANA,2131.5,1,BAIXO,9638501
ESPERANDO,BRAGE R,-59040.0,0.5,BAIXO,9144380
ESPERANDO,DN 204,113400.0,2,MÉDIO,9559200
ESPERANDO,PACIFIC WAVE,793.2,0.5,BAIXO,9801275
ESPERANDO,MORNINGSTAR,7036.8,2,MÉDIO,9263069
ESPERANDO,ECO ANGELBAY,5629.5,2,MÉDIO,9385166
ESPERANDO,STAR OMICRON,3258.3,1,BAIXO,9313022
ESPERANDO,BBC EVEREST,2459.4,1,BAIXO,9508407
ESPERANDO,NORAH,8687.1,2,MÉDIO,9460289
ESPERANDO,FALCON TRADER,4231.5,1,BAIXO,9863833
ESPERANDO,STAR MISTRAL,13127.7,2,MÉDIO,9684225
ESPERANDO,DEVBULK CANSEN,168.3,0.5,BAIXO,9703459
ESPERANDO,COYOTE,7803.0,2,MÉDIO,9474216
ESPERANDO,IOLCOS UNITY,3142.8,1,BAIXO,9313058
ESPERANDO,PROTECTOR,5807.1,2,MÉDIO,9942615
ESPERANDO,SALAMINIAN,4669.5,1,BAIXO,9717709
ESPERANDO,CL GENEVA,3788.7,1,BAIXO,9911587
ESPERANDO,FORTUNE SUN,2457.9,1,BAIXO,9267211
ESPERANDO,IKARIA ANGEL,953.1,0.5,BAIXO,9194397
ESPERANDO,JEN LR,3297.3,1,BAIXO,9947249
ESPERANDO,SHAMROCK JUPITER,3178.8,1,BAIXO,9416082
ESPERANDO,TORM CORRIDO,9825.6,2,MÉDIO,9411305
ESPERANDO,BOW TRIUMPH,12996.6,2,MÉDIO,9669902
ESPERANDO,CHRISTIANA P,828.6,0.5,BAIXO,9580508
ESPERANDO,BAHRI GRAIN,5056.5,2,MÉDIO,9660528
ESPERANDO,GOLF,-37666.5,0.5,BAIXO,9580120
ESPERANDO,KIRAN AMERICA,-148000.2,0.5,BAIXO,9491264
ESPERANDO,DN 204,113400.0,2,MÉDIO,9559200
ESPERANDO,BRAGE R,-59040.0,0.5,BAIXO,9144380
ESPERANDO,FALCON TRADER,4231.5,1,BAIXO,9863833
ESPERANDO,MORNINGSTAR,7036.8,2,MÉDIO,9263069
ESPERANDO,STAR OMICRON,3258.3,1,BAIXO,9313022
ESPERANDO,PACIFIC WAVE,793.2,0.5,BAIXO,9801275
ESPERANDO,MEGHNA VICTORY,8217.0,2,MÉDIO,9928827
ESPERANDO,STAR MISTRAL,13127.7,2,MÉDIO,9684225
ESPERANDO,PORT KYOTO,13917.6,2,MÉDIO,9942093
ESPERANDO,BBC EVEREST,2459.4,1,BAIXO,9508407
ESPERANDO,NORAH,8687.1,2,MÉDIO,9460289
ESPERANDO,JACAMAR ARROW,9402.0,2,MÉDIO,9007532
ESPERANDO,COYOTE,7803.0,2,MÉDIO,9474216
ESPERANDO,ECO ANGELBAY,5629.5,2,MÉDIO,9385166
ESPERANDO,IOLCOS UNITY,3142.8,1,BAIXO,9313058
ESPERANDO,PROTECTOR,5807.1,2,MÉDIO,9942615
ESPERANDO,SALAMINIAN,4669.5,1,BAIXO,9717709
ESPERANDO,CL GENEVA,3788.7,1,BAIXO,9911587
ESPERANDO,JEN LR,3297.3,1,BAIXO,9947249
ESPERANDO,FORTUNE SUN,2457.9,1,BAIXO,9267211
ESPERANDO,TORM CORRIDO,9825.6,2,MÉDIO,9411305
ESPERANDO,AVANTI,5656.8,2,MÉDIO,9403334
ESPERANDO,BOW TRIUMPH,12996.6,2,MÉDIO,9669902
ESPERANDO,SHAMROCK JUPITER,3178.8,1,BAIXO,9416082
ESPERANDO,CHRISTIANA P,828.6,0.5,BAIXO,9580508
ESPERANDO,KIRAN AMERICA,-148000.2,0.5,BAIXO,9491264
ESPERANDO,GOLF,-37666.5,0.5,BAIXO,9580120
ESPERANDO,BAHRI GRAIN,5056.5,2,MÉDIO,9660528
ESPERANDO,DN 204,113400.0,2,MÉDIO,9559200
ESPERANDO,STENA PROGRESS,8915.4,2,MÉDIO,9390020
ESPERANDO,BRAGE R,-59040.0,0.5,BAIXO,9144380
ESPERANDO,NORAH,8687.1,2,MÉDIO,9460289
ESPERANDO,MORNINGSTAR,7036.8,2,MÉDIO,9263069
ESPERANDO,JACAMAR ARROW,9402.0,2,MÉDIO,9007532
ESPERANDO,MEGHNA VICTORY,8217.0,2,MÉDIO,9928827
ESPERANDO,PACIFIC WAVE,793.2,0.5,BAIXO,9801275
ESPERANDO,BBC EVEREST,2459.4,1,BAIXO,9508407
ESPERANDO,STAR OMICRON,3258.3,1,BAIXO,9313022
ESPERANDO,FALCON TRADER,4231.5,1,BAIXO,9863833
ESPERANDO,PORT KYOTO,13917.6,2,MÉDIO,9942093
ESPERANDO,EPIC SHIKOKU,1647.9,1,BAIXO,9733545
ESPERANDO,CHISE BULKER,5506.5,2,MÉDIO,9667722
ESPERANDO,ECO ANGELBAY,5629.5,2,MÉDIO,9385166
ESPERANDO,COYOTE,7803.0,2,MÉDIO,9474216
ESPERANDO,STAR MISTRAL,13127.7,2,MÉDIO,9684225
ESPERANDO,INDUSTRIAL CHALLENGER,-44682.9,0.5,BAIXO,9213935
ESPERANDO,IOLCOS UNITY,3142.8,1,BAIXO,9313058
ESPERANDO,CHRYSANTHI S,4145.4,1,BAIXO,9527441
ESPERANDO,SALAMINIAN,4669.5,1,BAIXO,9717709
ESPERANDO,JEN LR,3297.3,1,BAIXO,9947249
ESPERANDO,CL GENEVA,3788.7,1,BAIXO,9911587
ESPERANDO,FORTUNE SUN,2457.9,1,BAIXO,9267211
ESPERANDO,SHAMROCK JUPITER,3178.8,1,BAIXO,9416082
ESPERANDO,TORM CORRIDO,9825.6,2,MÉDIO,9411305
ESPERANDO,CELSO FURTADO,3990.0,1,BAIXO,9489895
ESPERANDO,AVANTI,5656.8,2,MÉDIO,9403334
ESPERANDO,BOW TRIUMPH,12996.6,2,MÉDIO,9669902
ESPERANDO,KIRAN AMERICA,-148000.2,0.5,BAIXO,9491264
ESPERANDO,GOLF,-37666.5,0.5,BAIXO,9580120
ESPERANDO,CHRISTIANA P,828.6,0.5,BAIXO,9580508
ESPERANDO,BAHRI GRAIN,5056.5,2,MÉDIO,9660528
ESPERANDO,DN 204,113400.0,2,MÉDIO,9559200
ESPERANDO,BRAGE R,-59040.0,0.5,BAIXO,9144380
ESPERANDO,MEGHNA VICTORY,8217.0,2,MÉDIO,9928827
ESPERANDO,FALCON TRADER,4231.5,1,BAIXO,9863833
ESPERANDO,MORNINGSTAR,7036.8,2,MÉDIO,9263069
ESPERANDO,STAR OMICRON,3258.3,1,BAIXO,9313022
ESPERANDO,PACIFIC WAVE,793.2,0.5,BAIXO,9801275
ESPERANDO,STAR MISTRAL,13127.7,2,MÉDIO,9684225
ESPERANDO,PORT KYOTO,13917.6,2,MÉDIO,9942093
ESPERANDO,BBC EVEREST,2459.4,1,BAIXO,9508407
ESPERANDO,JACAMAR ARROW,9402.0,2,MÉDIO,9007532
ESPERANDO,INDUSTRIAL CHALLENGER,-44682.9,0.5,BAIXO,9213935
ESPERANDO,CHISE BULKER,5506.5,2,MÉDIO,9667722
ESPERANDO,ECO ANGELBAY,5629.5,2,MÉDIO,9385166
ESPERANDO,NORAH,8687.1,2,MÉDIO,9460289
ESPERANDO,COYOTE,7803.0,2,MÉDIO,9474216
ESPERANDO,IOLCOS UNITY,3142.8,1,BAIXO,9313058
ESPERANDO,YUN TONG,4681.2,1,BAIXO,9717175
ESPERANDO,CHRYSANTHI S,4145.4,1,BAIXO,9527441
ESPERANDO,CL GENEVA,3788.7,1,BAIXO,9911587
ESPERANDO,SALAMINIAN,4669.5,1,BAIXO,9717709
ESPERANDO,FORTUNE SUN,2457.9,1,BAIXO,9267211
ESPERANDO,TORM CORRIDO,9825.6,2,MÉDIO,9411305
ESPERANDO,AVANTI,5656.8,2,MÉDIO,9403334
ESPERANDO,BRAGE R,-59040.0,0.5,BAIXO,9144380
ESPERANDO,BOW TRIUMPH,12996.6,2,MÉDIO,9669902
ESPERANDO,CLEAROCEAN MELODY,2698.5,1,BAIXO,9849265
ESPERANDO,BAHRI GRAIN,5056.5,2,MÉDIO,9660528
ESPERANDO,GOLF,-37666.5,0.5,BAIXO,9580120
ESPERANDO,KIRAN AMERICA,-148000.2,0.5,BAIXO,9491264
ESPERANDO,MERAPI,7239.6,2,MÉDIO,9430167
ESPERANDO,SHAMROCK JUPITER,3178.8,1,BAIXO,9416082
ESPERANDO,DN 204,113400.0,2,MÉDIO,9559200
ESPERANDO,PACIFIC WAVE,793.2,0.5,BAIXO,9801275
ESPERANDO,FALCON TRADER,4231.5,1,BAIXO,9863833
ESPERANDO,PORT KYOTO,13917.6,2,MÉDIO,9942093
ESPERANDO,STAR MISTRAL,13127.7,2,MÉDIO,9684225
ESPERANDO,SEAHORSE,6174.0,2,MÉDIO,9594456
ESPERANDO,INDUSTRIAL CHALLENGER,-44682.9,0.5,BAIXO,9213935
ESPERANDO,SIGMA TRADER,5753.1,2,MÉDIO,9486568
ESPERANDO,CHISE BULKER,5506.5,2,MÉDIO,9667722
ESPERANDO,ECO ANGELBAY,5629.5,2,MÉDIO,9385166
ESPERANDO,TINA S,3966.6,1,BAIXO,9498432
ESPERANDO,JACAMAR ARROW,9402.0,2,MÉDIO,9007532
ESPERANDO,SCARLETT MANX,2663.4,1,BAIXO,9801718
ESPERANDO,ULTRA TIGER,5283.3,2,MÉDIO,9414149
ESPERANDO,ROSE,2195.7,1,BAIXO,9464508
ESPERANDO,DRAGON,3668.7,1,BAIXO,9588005
ESPERANDO,YUN TONG,3800.7,1,BAIXO,9717175
ESPERANDO,CLYDE,13199.7,2,MÉDIO,9836452
ESPERANDO,BRAGE R,-59040.0,0.5,BAIXO,9144380
ESPERANDO,AVANTI,5656.8,2,MÉDIO,9403334
ESPERANDO,BOW TRIUMPH,12996.6,2,MÉDIO,9669902
ESPERANDO,GOLF,-37666.5,0.5,BAIXO,9580120
ESPERANDO,ORNAK,4403.1,1,BAIXO,9452610
ESPERANDO,GIEWONT,4375.8,1,BAIXO,9452593
ESPERANDO,KIRAN AMERICA,-148000.2,0.5,BAIXO,9491264
ESPERANDO,DN 204,113400.0,2,MÉDIO,9559200
ESPERANDO,SKS DELTA,-523.2,0.5,BAIXO,9426312
ESPERANDO,MERAPI,9639.6,2,MÉDIO,9430167
ESPERANDO,PACIFIC WAVE,793.2,0.5,BAIXO,9801275
ESPERANDO,FALCON TRADER,4231.5,1,BAIXO,9863833
ESPERANDO,ULTRA TATIO,10058.1,2,MÉDIO,9782986
ESPERANDO,JACAMAR ARROW,9402.0,2,MÉDIO,9007532
ESPERANDO,CHISE BULKER,5506.5,2,MÉDIO,9667722
ESPERANDO,ECO ANGELBAY,5629.5,2,MÉDIO,9385166
ESPERANDO,INDUSTRIAL CHALLENGER,-44682.9,0.5,BAIXO,9213935
ESPERANDO,TINA S,3966.6,1,BAIXO,9498432
ESPERANDO,SEAHORSE,6174.0,2,MÉDIO,9594456
ESPERANDO,PORT KYOTO,13917.6,2,MÉDIO,9942093
ESPERANDO,STAR MISTRAL,13127.7,2,MÉDIO,9684225
ESPERANDO,SIGMA TRADER,5753.1,2,MÉDIO,9486568
ESPERANDO,ULTRA TIGER,5283.3,2,MÉDIO,9414149
ESPERANDO,SCARLETT MANX,2663.4,1,BAIXO,9801718
ESPERANDO,YUN TONG,3800.7,1,BAIXO,9717175
ESPERANDO,DRAGON,3668.7,1,BAIXO,9588005
ESPERANDO,ROSE,2195.7,1,BAIXO,9464508
ESPERANDO,AVANTI,5656.8,2,MÉDIO,9403334
ESPERANDO,MERAPI,9639.6,2,MÉDIO,9430167
ESPERANDO,BOW TRIUMPH,12996.6,2,MÉDIO,9669902
ESPERANDO,BRAGE R,-59040.0,0.5,BAIXO,9144380
ESPERANDO,GIEWONT,4375.8,1,BAIXO,9452593
ESPERANDO,ORNAK,4403.1,1,BAIXO,9452610
ESPERANDO,KIRAN AMERICA,-148000.2,0.5,BAIXO,9491264
ESPERANDO,GOLF,-37666.5,0.5,BAIXO,9580120
ESPERANDO,SKS DELTA,-523.2,0.5,BAIXO,9426312
ESPERANDO,CLYDE,13199.7,2,MÉDIO,9836452
ESPERANDO,DN 204,113400.0,2,MÉDIO,9559200
ESPERANDO,GREAT SEA,10920.6,2,MÉDIO,9423566
ESPERANDO,SIGMA TRADER,5753.1,2,MÉDIO,9486568
ESPERANDO,FEDERAL RUHR,7289.4,2,MÉDIO,9766176
ESPERANDO,RIVER PEARL,4567.2,1,BAIXO,9363663
ESPERANDO,SEAHORSE,6174.0,2,MÉDIO,9594456
ESPERANDO,PORT KYOTO,13917.6,2,MÉDIO,9942093
ESPERANDO,TINA S,3966.6,1,BAIXO,9498432
ESPERANDO,ULTRA TATIO,10058.1,2,MÉDIO,9782986
ESPERANDO,JACAMAR ARROW,9402.0,2,MÉDIO,9007532
ESPERANDO,STAR MISTRAL,13127.7,2,MÉDIO,9684225
ESPERANDO,INDUSTRIAL CHALLENGER,-44682.9,0.5,BAIXO,9213935
ESPERANDO,CHISE BULKER,5506.5,2,MÉDIO,9667722
ESPERANDO,ECO ANGELBAY,5629.5,2,MÉDIO,9385166
ESPERANDO,GEORGIA T,5224.5,2,MÉDIO,9583756
ESPERANDO,ROSE,2195.7,1,BAIXO,9464508
ESPERANDO,YUN TONG,3800.7,1,BAIXO,9717175
ESPERANDO,BADGER ISLAND,2425.8,1,BAIXO,9578294
ESPERANDO,DRAGON,3668.7,1,BAIXO,9588005
ESPERANDO,ULTRA TIGER,5283.3,2,MÉDIO,9414149
ESPERANDO,BRAGE R,-59040.0,0.5,BAIXO,9144380
ESPERANDO,ROMULO ALMEIDA,9030.0,2,MÉDIO,9489912
ESPERANDO,BOW TRIUMPH,12996.6,2,MÉDIO,9669902
ESPERANDO,MERAPI,9639.6,2,MÉDIO,9430167
ESPERANDO,AVANTI,5656.8,2,MÉDIO,9403334
ESPERANDO,CLYDE,13199.7,2,MÉDIO,9836452
ESPERANDO,GOLF,-37666.5,0.5,BAIXO,9580120
ESPERANDO,ORNAK,4403.1,1,BAIXO,9452610
ESPERANDO,DN 204,113400.0,2,MÉDIO,9559200
ESPERANDO,ANIKITOS,8823.0,2,MÉDIO,9710490
ESPERANDO,STAR DALMATIA,10677.9,2,MÉDIO,9548835
ESPERANDO,GREAT SEA,10920.6,2,MÉDIO,9423566
ESPERANDO,JACAMAR ARROW,9402.0,2,MÉDIO,9007532
ESPERANDO,SIGMA TRADER,5753.1,2,MÉDIO,9486568
ESPERANDO,PORT KYOTO,13917.6,2,MÉDIO,9942093
ESPERANDO,RIVER PEARL,1567.2,1,BAIXO,9363663
ESPERANDO,ULTRA TATIO,10058.1,2,MÉDIO,9782986
ESPERANDO,FEDERAL RUHR,7289.4,2,MÉDIO,9766176
ESPERANDO,INDUSTRIAL CHALLENGER,-44682.9,0.5,BAIXO,9213935
ESPERANDO,STAR MISTRAL,13127.7,2,MÉDIO,9684225
ESPERANDO,TINA S,3966.6,1,BAIXO,9498432
ESPERANDO,GEORGIA T,5224.5,2,MÉDIO,9583756
ESPERANDO,CLIA,5390.1,2,MÉDIO,9548237
ESPERANDO,ASL JUPITER,3768.3,1,BAIXO,9600633
ESPERANDO,BADGER ISLAND,2425.8,1,BAIXO,9578294
ESPERANDO,SCARLET FALCON,2991.0,1,BAIXO,9609433
ESPERANDO,ULTRA TIGER,5283.3,2,MÉDIO,9414149
ESPERANDO,DRAGON,3668.7,1,BAIXO,9588005
ESPERANDO,CRIMSON KINGDOM,4008.0,1,BAIXO,9748033
ESPERANDO,CLYDE,13199.7,2,MÉDIO,9836452
ESPERANDO,PS HAMBURG,5189.7,2,MÉDIO,9657806
ESPERANDO,BOW TRIUMPH,12996.6,2,MÉDIO,9669902
ESPERANDO,BRAGE R,-59040.0,0.5,BAIXO,9144380
ESPERANDO,GOLF,-37666.5,0.5,BAIXO,9580120
ESPERANDO,GOLDEN KEEN,5416.8,2,MÉDIO,9595723
ESPERANDO,SEAWAYS LOOKOUT,10230.3,2,MÉDIO,9700342
ESPERANDO,MILOU,1649.1,1,BAIXO,9335123
ESPERANDO,FPMC 34,4134.3,1,BAIXO,9845166
ESPERANDO,DN 204,113400.0,2,MÉDIO,9559200
ESPERANDO,STAR DALMATIA,10677.9,2,MÉDIO,9548835
ESPERANDO,EAGLE ARROW,13904.1,2,MÉDIO,9529592
ESPERANDO,PINE ARROW,1512.3,1,BAIXO,9107306
ESPERANDO,RIVER PEARL,1567.2,1,BAIXO,9363663
ESPERANDO,TINA S,3966.6,1,BAIXO,9498432
ESPERANDO,SIGMA TRADER,5753.1,2,MÉDIO,9486568
ESPERANDO,PORT KYOTO,13917.6,2,MÉDIO,9942093
ESPERANDO,FEDERAL RUHR,7289.4,2,MÉDIO,9766176
ESPERANDO,STAR MISTRAL,13127.7,2,MÉDIO,9684225
ESPERANDO,BARBOSA LIMA SOBRINHO,-8971.5,0.5,BAIXO,9596844
ESPERANDO,ULTRA TATIO,10058.1,2,MÉDIO,9782986
ESPERANDO,JACAMAR ARROW,9402.0,2,MÉDIO,9007532
ESPERANDO,BADGER ISLAND,2425.8,1,BAIXO,9578294
ESPERANDO,CRIMSON KINGDOM,4008.0,1,BAIXO,9748033
ESPERANDO,ULTRA TIGER,5283.3,2,MÉDIO,9414149
ESPERANDO,GEORGIA T,5224.5,2,MÉDIO,9583756
ESPERANDO,CLIA,5390.1,2,MÉDIO,9548237
ESPERANDO,ASL JUPITER,3768.3,1,BAIXO,9600633
ESPERANDO,SEACON 9,2653.2,1,BAIXO,9440394
ESPERANDO,SCARLET FALCON,2991.0,1,BAIXO,9609433
ESPERANDO,PREVAIL STAR,4516.5,1,BAIXO,PREVAIL ST
ESPERANDO,BOW TRIUMPH,12996.6,2,MÉDIO,9669902
ESPERANDO,BRAGE R,-59040.0,0.5,BAIXO,9144380
ESPERANDO,SEAWAYS LOOKOUT,10230.3,2,MÉDIO,9700342
ESPERANDO,MILOU,1649.1,1,BAIXO,9335123
ESPERANDO,GOLF,-37666.5,0.5,BAIXO,9580120
ESPERANDO,GOLDEN KEEN,5416.8,2,MÉDIO,9595723
ESPERANDO,TORM ALICE,-480.3,0.5,BAIXO,9465966
ESPERANDO,DN 204,113400.0,2,MÉDIO,9559200
ESPERANDO,FPMC 34,4134.3,1,BAIXO,9845166
ESPERANDO,AVON,9389.7,2,MÉDIO,9836440
ESPERANDO,PINE ARROW,1512.3,1,BAIXO,9107306
ESPERANDO,EAGLE ARROW,13904.1,2,MÉDIO,9529592
ESPERANDO,STAR DALMATIA,5847.9,2,MÉDIO,9548835
ESPERANDO,RIVER PEARL,1567.2,1,BAIXO,9363663
ESPERANDO,VALOVINE,1485.0,0.5,BAIXO,9606120
ESPERANDO,FEDERAL RUHR,7289.4,2,MÉDIO,9766176
ESPERANDO,PORT KYOTO,13917.6,2,MÉDIO,9942093
ESPERANDO,JACAMAR ARROW,9402.0,2,MÉDIO,9007532
ESPERANDO,TINA S,3966.6,1,BAIXO,9498432
ESPERANDO,ULTRA TATIO,10058.1,2,MÉDIO,9782986
ESPERANDO,BARBOSA LIMA SOBRINHO,-8971.5,0.5,BAIXO,9596844
ESPERANDO,SIGMA TRADER,5753.1,2,MÉDIO,9486568
ESPERANDO,STAR MISTRAL,13127.7,2,MÉDIO,9684225
ESPERANDO,GOLDEN KEEN,5416.8,2,MÉDIO,9595723
ESPERANDO,SCARLET FALCON,2991.0,1,BAIXO,9609433
ESPERANDO,WOOLLOOMOOLOO,-193180.8,0.5,BAIXO,9584499
ESPERANDO,CRIMSON KINGDOM,4008.0,1,BAIXO,9748033
ESPERANDO,GEORGIA T,5224.5,2,MÉDIO,9583756
ESPERANDO,CLIA,5390.1,2,MÉDIO,9548237
ESPERANDO,ASL JUPITER,3768.3,1,BAIXO,9600633
ESPERANDO,BADGER ISLAND,2425.8,1,BAIXO,9578294
ESPERANDO,ULTRA TIGER,5283.3,2,MÉDIO,9414149
ESPERANDO,PREVAIL STAR,4516.5,1,BAIXO,9693769
ESPERANDO,SEACON 9,3553.2,1,BAIXO,9440394
ESPERANDO,BRAGE R,-59040.0,0.5,BAIXO,9144380
ESPERANDO,FPMC 34,4134.3,1,BAIXO,9845166
ESPERANDO,MILOU,1649.1,1,BAIXO,9335123
ESPERANDO,TORM ALICE,-480.3,0.5,BAIXO,9465966
ESPERANDO,TEAM VIEW,676.2,0.5,BAIXO,9576727
ESPERANDO,GOLF,-37666.5,0.5,BAIXO,9580120
ESPERANDO,DN 204,113400.0,2,MÉDIO,9559200
ESPERANDO,SEAWAYS LOOKOUT,4878.6,1,BAIXO,9700342
ESPERANDO,STAR JUVENTAS,551.1,0.5,BAIXO,9254642
ESPERANDO,SCARLET FALCON,2991.0,1,BAIXO,9609433
ESPERANDO,ULTRALAZ,210.0,0.5,BAIXO,9781085
ESPERANDO,MEDI ZUOZ,3030.3,1,BAIXO,9789910
ESPERANDO,CLIA,5390.1,2,MÉDIO,9548237
ESPERANDO,SIGMA TRADER,4253.1,1,BAIXO,9486568
ESPERANDO,PACIFIC WAVE,4063.2,1,BAIXO,9801275
ESPERANDO,PORT KYOTO,13917.6,2,MÉDIO,9942093
ESPERANDO,RIVER PEARL,1567.2,1,BAIXO,9363663
ESPERANDO,CHIOS LUCK,9093.6,2,MÉDIO,9643805
ESPERANDO,VALOVINE,1485.0,0.5,BAIXO,9606120
ESPERANDO,ULTRA TATIO,10058.1,2,MÉDIO,9782986
ESPERANDO,FEDERAL RUHR,7289.4,2,MÉDIO,9766176
ESPERANDO,BERGE BEN NEVIS,7704.3,2,MÉDIO,9782974
ESPERANDO,STAR MISTRAL,13127.7,2,MÉDIO,9684225
ESPERANDO,JACAMAR ARROW,9402.0,2,MÉDIO,9007532
ESPERANDO,GOLDEN KEEN,5416.8,2,MÉDIO,9595723
ESPERANDO,WOOLLOOMOOLOO,-193180.8,0.5,BAIXO,9584499
ESPERANDO,NESTOR S,611.7,0.5,BAIXO,9473341
ESPERANDO,SEACON 9,3553.2,1,BAIXO,9440394
ESPERANDO,HONG YUAN,3171.9,1,BAIXO,9500883
ESPERANDO,ULTRA TIGER,5283.3,2,MÉDIO,9414149
ESPERANDO,BRAGE R,-59040.0,0.5,BAIXO,9144380
ESPERANDO,SEAWAYS LOOKOUT,4878.6,1,BAIXO,9700342
ESPERANDO,GOLDEN KEEN,24475.8,2,MÉDIO,9595723
ESPERANDO,GOLF,-37666.5,0.5,BAIXO,9580120
ESPERANDO,TEAM VIEW,676.2,0.5,BAIXO,9576727
ESPERANDO,DN 204,113400.0,2,MÉDIO,9559200
ESPERANDO,MILOU,1649.1,1,BAIXO,9335123
ESPERANDO,FPMC 34,7479.3,2,MÉDIO,9845166
ESPERANDO,SEACON 9,3553.2,1,BAIXO,9440394
ESPERANDO,MEDI ZUOZ,3030.3,1,BAIXO,9789910
ESPERANDO,CAPTAIN J. NEOFOTISTOS,2403.0,1,BAIXO,9617430
ESPERANDO,PORT KYOTO,13917.6,2,MÉDIO,9942093
ESPERANDO,SANTA JOHANNA,3406.5,1,BAIXO,9806782
ESPERANDO,SIGMA TRADER,4253.1,1,BAIXO,9486568
ESPERANDO,VALOVINE,1485.0,0.5,BAIXO,9606120
ESPERANDO,BERGE BEN NEVIS,7704.3,2,MÉDIO,9782974
ESPERANDO,FEDERAL FRONTIER,6973.2,2,MÉDIO,9866768
ESPERANDO,EXPLORER AMERICA,5305.2,2,MÉDIO,9566576
ESPERANDO,CHIOS LUCK,9093.6,2,MÉDIO,9643805
ESPERANDO,DARCY RIBEIRO,624.9,0.5,BAIXO,9596832
ESPERANDO,ALANIS,-182221.8,0.5,BAIXO,9468085
ESPERANDO,HAINAN ISLAND,6801.9,2,MÉDIO,9300178
ESPERANDO,FEDERAL RUHR,7289.4,2,MÉDIO,9766176
ESPERANDO,ULTRA RELIANCE,19098.6,2,MÉDIO,9925760
ESPERANDO,KARPATHOS DAWN,11610.0,2,MÉDIO,9427342
ESPERANDO,ULTRA TATIO,10058.1,2,MÉDIO,9782986
ESPERANDO,STEFANOS,-185628.9,0.5,BAIXO,9719575
ESPERANDO,LETO.,919.2,0.5,BAIXO,9696424
ESPERANDO,STAR MISTRAL,2491.8,1,BAIXO,9684225
ESPERANDO,IOLCOS DIGNITY,-210504.9,0.5,BAIXO,9530644
ESPERANDO,AGILITY DIVA,3593.1,1,BAIXO,9919929
ESPERANDO,AMAMI,6804.3,2,MÉDIO,9520821
ESPERANDO,BOW HECTOR,7708.2,2,MÉDIO,9363493
ESPERANDO,BRAGE R,-59040.0,0.5,BAIXO,9144380
ESPERANDO,ANDIAMO,-1402.8,0.5,BAIXO,9512757
ESPERANDO,TATRY,4841.4,1,BAIXO,9582960
ESPERANDO,GOLF,-37666.5,0.5,BAIXO,9580120
ESPERANDO,DN 204,113400.0,2,MÉDIO,9559200
ESPERANDO,UOG SYROS,4885.8,1,BAIXO,9472751
ESPERANDO,TEAL ARROW,1939.8,1,BAIXO,9186780
ESPERANDO,STAR CALYPSO,3117.0,1,BAIXO,9634842
ESPERANDO,MEDI ZUOZ,3030.3,1,BAIXO,9789910
ESPERANDO,MODIGLIANI,4130.1,1,BAIXO,9615406
ESPERANDO,EXPLORER AMERICA,5305.2,2,MÉDIO,9566576
ESPERANDO,FEDERAL RUHR,7289.4,2,MÉDIO,9766176
ESPERANDO,SANTA JOHANNA,3406.5,1,BAIXO,9806782
ESPERANDO,BULK BEQUIA,10892.7,2,MÉDIO,9683128
ESPERANDO,SIGMA TRADER,4253.1,1,BAIXO,9486568
ESPERANDO,VALOVINE,2655.0,1,BAIXO,9606120
ESPERANDO,JOSCO BINZHOU,4302.0,1,BAIXO,9934199
ESPERANDO,FEDERAL FRONTIER,6973.2,2,MÉDIO,9866768
ESPERANDO,LUCIO COSTA,624.9,0.5,BAIXO,9596856
ESPERANDO,ALANIS,-182221.8,0.5,BAIXO,9468085
ESPERANDO,HAINAN ISLAND,6801.9,2,MÉDIO,9300178
ESPERANDO,BERGE BEN NEVIS,7760.1,2,MÉDIO,9782974
ESPERANDO,KARPATHOS DAWN,11610.0,2,MÉDIO,9427342
ESPERANDO,ULTRA TATIO,10058.1,2,MÉDIO,9782986
ESPERANDO,IOLCOS DIGNITY,-11798.1,0.5,BAIXO,9530644
ESPERANDO,MEDI KAZAHAYA,3472.2,1,BAIXO,9764037
ESPERANDO,AMAMI,6804.3,2,MÉDIO,9520821
ESPERANDO,ATHINA III,2191.5,1,BAIXO,9247285
ESPERANDO,PRIMROSE ATLANTIC,3113.7,1,BAIXO,9544097
ESPERANDO,LETO.,919.2,0.5,BAIXO,9696424
ESPERANDO,ELITE DIVA,2388.6,1,BAIXO,9937268
ESPERANDO,BOW HECTOR,7708.2,2,MÉDIO,9363493
ESPERANDO,UOG SYROS,6932.1,2,MÉDIO,9472751
ESPERANDO,BRAGE R,-59040.0,0.5,BAIXO,9144380
ESPERANDO,BACHATA,13828.2,2,MÉDIO,9423906
ESPERANDO,FPMC 31,9759.3,2,MÉDIO,9831696
ESPERANDO,GOLF,-37666.5,0.5,BAIXO,9580120
ESPERANDO,TATRY,4841.4,1,BAIXO,9582960
ESPERANDO,DN 204,113400.0,2,MÉDIO,9559200
ESPERANDO,STI BROOKLYN,3447.3,1,BAIXO,9706841
ESPERANDO,SALIGNA,13883.7,2,MÉDIO,9825001
ESPERANDO,MEDI ZUOZ,3030.3,1,BAIXO,9789910
ESPERANDO,LETO.,919.2,0.5,BAIXO,9696424
ESPERANDO,MODIGLIANI,4130.1,1,BAIXO,9615406
ESPERANDO,SANTA JOHANNA,3406.5,1,BAIXO,9806782
ESPERANDO,VALOVINE,2655.0,1,BAIXO,9606120
ESPERANDO,BULK BEQUIA,10892.7,2,MÉDIO,9683128
ESPERANDO,TAI HONOR,2728.5,1,BAIXO,9298519
ESPERANDO,EXPLORER AMERICA,5305.2,2,MÉDIO,9566576
ESPERANDO,JOSCO BINZHOU,4302.0,1,BAIXO,9934199
ESPERANDO,SIGMA TRADER,4253.1,1,BAIXO,9486568
ESPERANDO,LUCIO COSTA,624.9,0.5,BAIXO,9596856
ESPERANDO,ALANIS,-182221.8,0.5,BAIXO,9468085
ESPERANDO,HAINAN ISLAND,6801.9,2,MÉDIO,9300178
ESPERANDO,BERGE BEN NEVIS,7760.1,2,MÉDIO,9782974
ESPERANDO,KARPATHOS DAWN,11610.0,2,MÉDIO,9427342
ESPERANDO,ULTRA TATIO,10058.1,2,MÉDIO,9782986
ESPERANDO,FEDERAL RUHR,7289.4,2,MÉDIO,9766176
ESPERANDO,FEDERAL FRONTIER,6973.2,2,MÉDIO,9866768
ESPERANDO,ATHINA III,2191.5,1,BAIXO,9247285
ESPERANDO,ELITE DIVA,2388.6,1,BAIXO,9937268
ESPERANDO,AMAMI,6804.3,2,MÉDIO,9520821
ESPERANDO,PRIMROSE ATLANTIC,3113.7,1,BAIXO,9544097
ESPERANDO,MEDI KAZAHAYA,3472.2,1,BAIXO,9764037
ESPERANDO,STI BROOKLYN,3447.3,1,BAIXO,9706841
ESPERANDO,BRAGE R,-59040.0,0.5,BAIXO,9144380
ESPERANDO,BOW HECTOR,7708.2,2,MÉDIO,9363493
ESPERANDO,MINERVA VIRGO,8997.0,2,MÉDIO,9307827
ESPERANDO,HORIZON THEONI,6719.1,2,MÉDIO,9407407
ESPERANDO,UOG SYROS,6932.1,2,MÉDIO,9472751
ESPERANDO,GOLF,-37666.5,0.5,BAIXO,9580120
ESPERANDO,ATHINA L,3407.4,1,BAIXO,9487627
ESPERANDO,FPMC 31,9759.3,2,MÉDIO,9831696
ESPERANDO,SEAWAYS LOOKOUT,8328.0,2,MÉDIO,9700342
ESPERANDO,DN 204,113400.0,2,MÉDIO,9559200
Situacao,Navio,Deslastre Estimado,Pontos por Faixa,Nível de Risco,IMO
FUNDEADOS,VAN LEOPARD,3948.9,1,BAIXO,9692674
FUNDEADOS,MATISSE,4538.7,1,BAIXO,9677375
FUNDEADOS,SEA BRAVERY,2787.3,1,BAIXO,9386407
FUNDEADOS,MANDARIN SINGAPORE,5017.2,2,MÉDIO,9569968
FUNDEADOS,LA STELLA,10257.0,2,MÉDIO,9748368
FUNDEADOS,AMBER STAR,2307.6,1,BAIXO,9801160
FUNDEADOS,WECO KAROLINE,5971.5,2,MÉDIO,9803417
FUNDEADOS,WL LADOGA,2299.8,1,BAIXO,9659799
FUNDEADOS,BARBOSA LIMA SOBRINHO,478.5,0.5,BAIXO,9596844
FUNDEADOS,KOUSHUN,16514.1,2,MÉDIO,9737060
FUNDEADOS,DOLFIJNGRACHT,4348.8,1,BAIXO,9420825
FUNDEADOS,SSI SPLENDID,15813.0,2,MÉDIO,9848077
FUNDEADOS,HANDY PERTH,2303.1,1,BAIXO,9628128
FUNDEADOS,JAG RISHI,3515.7,1,BAIXO,9456343
FUNDEADOS,DUKE SANTOS,3804.6,1,BAIXO,9785988
FUNDEADOS,OINOUSSIAN VIGOUR,3419.1,1,BAIXO,9523263
FUNDEADOS,YASA PEARL,4154.7,1,BAIXO,9949053
FUNDEADOS,NAVE ATRIA,2403.9,1,BAIXO,9459060
FUNDEADOS,KLARA,7175.1,2,MÉDIO,9405904
FUNDEADOS,PS STARS,9599.7,2,MÉDIO,9930519
FUNDEADOS,ELDIA,7549.2,2,MÉDIO,9798351
FUNDEADOS,OCEAN VENTURE,12448.5,2,MÉDIO,9660657
FUNDEADOS,ZOILO,-564.3,0.5,BAIXO,9704441
FUNDEADOS,HAFNIA PHOENIX,2645.7,1,BAIXO,9461702
FUNDEADOS,LEM GERANIUM,2055.0,1,BAIXO,9845790
FUNDEADOS,SPAR SCORPIO,3020.4,1,BAIXO,9307578
FUNDEADOS,JOSE ALENCAR,9291.9,2,MÉDIO,9489924
FUNDEADOS,SUNRISE,-2441.1,0.5,BAIXO,9761956
FUNDEADOS,THE SAUCE,8295.3,2,MÉDIO,9315769
FUNDEADOS,CELSO FURTADO,8490.0,2,MÉDIO,9489895
FUNDEADOS,OLAVO BILAC,19344.3,2,MÉDIO,9547697
FUNDEADOS,JENNINGS BAY,-3.0,0.5,BAIXO,9717773
FUNDEADOS,MAIRINI,3455.7,1,BAIXO,9474670
FUNDEADOS,JAG PUSHPA,4397.4,1,BAIXO,9315733
FUNDEADOS,SEA BRAVERY,2787.3,1,BAIXO,9386407
FUNDEADOS,LA STELLA,10257.0,2,MÉDIO,9748368
FUNDEADOS,OINOUSSIAN VIGOUR,3419.1,1,BAIXO,9523263
FUNDEADOS,MANDARIN SINGAPORE,5017.2,2,MÉDIO,9569968
FUNDEADOS,WL LADOGA,2299.8,1,BAIXO,9659799
FUNDEADOS,AMBER STAR,1467.6,0.5,BAIXO,9801160
FUNDEADOS,DOLFIJNGRACHT,4348.8,1,BAIXO,9420825
FUNDEADOS,LOWLANDS HOPE,12138.9,2,MÉDIO,9727182
FUNDEADOS,HANDY PERTH,2303.1,1,BAIXO,9628128
FUNDEADOS,BARBOSA LIMA SOBRINHO,478.5,0.5,BAIXO,9596844
FUNDEADOS,WECO KAROLINE,5971.5,2,MÉDIO,9803417
FUNDEADOS,FARMER,4662.3,1,BAIXO,9589267
FUNDEADOS,JOY,4337.1,1,BAIXO,9481465
FUNDEADOS,YASA PEARL,4154.7,1,BAIXO,9949053
FUNDEADOS,DUKE SANTOS,3804.6,1,BAIXO,9785988
FUNDEADOS,HAFNIA PHOENIX,2645.7,1,BAIXO,9461702
FUNDEADOS,NAVE ATRIA,1923.9,1,BAIXO,9459060
FUNDEADOS,PS STARS,9599.7,2,MÉDIO,9930519
FUNDEADOS,THE SAUCE,8295.3,2,MÉDIO,9315769
FUNDEADOS,ELDIA,6049.2,2,MÉDIO,9798351
FUNDEADOS,KLARA,7175.1,2,MÉDIO,9405904
FUNDEADOS,ZOILO,-564.3,0.5,BAIXO,9704441
FUNDEADOS,PEDHOULAS MERCHANT,5149.2,2,MÉDIO,9279800
FUNDEADOS,SPAR SCORPIO,3020.4,1,BAIXO,9307578
FUNDEADOS,CELSO FURTADO,2520.0,1,BAIXO,9489895
FUNDEADOS,OCEAN VENTURE,12448.5,2,MÉDIO,9660657
FUNDEADOS,SUNRISE,-2441.1,0.5,BAIXO,9761956
FUNDEADOS,MARITIME TRANQUILITY,5048.4,2,MÉDIO,9848338
FUNDEADOS,JINLING CONFIDENCE,8105.4,2,MÉDIO,9798337
FUNDEADOS,LA STELLA,10257.0,2,MÉDIO,9748368
FUNDEADOS,SEA BRAVERY,2787.3,1,BAIXO,9386407
FUNDEADOS,MANDARIN SINGAPORE,5017.2,2,MÉDIO,9569968
FUNDEADOS,WL LADOGA,2299.8,1,BAIXO,9659799
FUNDEADOS,HANDY PERTH,2303.1,1,BAIXO,9628128
FUNDEADOS,DOLFIJNGRACHT,4348.8,1,BAIXO,9420825
FUNDEADOS,LOWLANDS HOPE,12138.9,2,MÉDIO,9727182
FUNDEADOS,WECO KAROLINE,5971.5,2,MÉDIO,9803417
FUNDEADOS,JOY,4337.1,1,BAIXO,9481465
FUNDEADOS,GITA,3388.5,1,BAIXO,9956185
FUNDEADOS,DUKE SANTOS,3804.6,1,BAIXO,9785988
FUNDEADOS,FARMER,4662.3,1,BAIXO,9589267
FUNDEADOS,ELDIA,6049.2,2,MÉDIO,9798351
FUNDEADOS,PS STARS,9599.7,2,MÉDIO,9930519
FUNDEADOS,THE SAUCE,8295.3,2,MÉDIO,9315769
FUNDEADOS,HAFNIA PHOENIX,2645.7,1,BAIXO,9461702
FUNDEADOS,ZOILO,-564.3,0.5,BAIXO,9704441
FUNDEADOS,PEDHOULAS MERCHANT,5149.2,2,MÉDIO,9279800
FUNDEADOS,SPAR SCORPIO,3020.4,1,BAIXO,9307578
FUNDEADOS,KLARA,7175.1,2,MÉDIO,9405904
FUNDEADOS,SUNRISE,-2441.1,0.5,BAIXO,9761956
FUNDEADOS,OCEAN VENTURE,12448.5,2,MÉDIO,9660657
FUNDEADOS,CELSO FURTADO,2520.0,1,BAIXO,9489895
FUNDEADOS,MARITIME TRANQUILITY,5048.4,2,MÉDIO,9848338
FUNDEADOS,JINLING CONFIDENCE,8105.4,2,MÉDIO,9798337
FUNDEADOS,SEA BRAVERY,2787.3,1,BAIXO,9386407
FUNDEADOS,MANDARIN SINGAPORE,5017.2,2,MÉDIO,9569968
FUNDEADOS,WL LADOGA,2299.8,1,BAIXO,9659799
FUNDEADOS,LA STELLA,10257.0,2,MÉDIO,9748368
FUNDEADOS,WECO KAROLINE,5971.5,2,MÉDIO,9803417
FUNDEADOS,DOLFIJNGRACHT,4348.8,1,BAIXO,9420825
FUNDEADOS,LOWLANDS HOPE,12138.9,2,MÉDIO,9727182
FUNDEADOS,JOY,4337.1,1,BAIXO,9481465
FUNDEADOS,FARMER,4662.3,1,BAIXO,9589267
FUNDEADOS,GITA,3388.5,1,BAIXO,9956185
FUNDEADOS,DUKE SANTOS,3804.6,1,BAIXO,9785988
FUNDEADOS,ELDIA,6049.2,2,MÉDIO,9798351
FUNDEADOS,PS STARS,9599.7,2,MÉDIO,9930519
FUNDEADOS,THE SAUCE,8295.3,2,MÉDIO,9315769
FUNDEADOS,ZOILO,-564.3,0.5,BAIXO,9704441
FUNDEADOS,HAFNIA PHOENIX,2645.7,1,BAIXO,9461702
FUNDEADOS,SPAR SCORPIO,3020.4,1,BAIXO,9307578
FUNDEADOS,PEDHOULAS MERCHANT,5149.2,2,MÉDIO,9279800
FUNDEADOS,KLARA,7175.1,2,MÉDIO,9405904
FUNDEADOS,OCEAN VENTURE,12448.5,2,MÉDIO,9660657
FUNDEADOS,SUNRISE,-2441.1,0.5,BAIXO,9761956
FUNDEADOS,CELSO FURTADO,2520.0,1,BAIXO,9489895
FUNDEADOS,MARITIME TRANQUILITY,5048.4,2,MÉDIO,9848338
FUNDEADOS,JINLING CONFIDENCE,8105.4,2,MÉDIO,9798337
FUNDEADOS,GREAT SEA,11706.6,2,MÉDIO,9423566
FUNDEADOS,MANDARIN SINGAPORE,5017.2,2,MÉDIO,9569968
FUNDEADOS,SEA BRAVERY,2787.3,1,BAIXO,9386407
FUNDEADOS,WL LADOGA,2299.8,1,BAIXO,9659799
FUNDEADOS,LA STELLA,10257.0,2,MÉDIO,9748368
FUNDEADOS,INDUSTRIAL MERCHANT,-72744.3,0.5,BAIXO,9534470
FUNDEADOS,LOWLANDS HOPE,12138.9,2,MÉDIO,9727182
FUNDEADOS,DOLFIJNGRACHT,4348.8,1,BAIXO,9420825
FUNDEADOS,STALO,3210.0,1,BAIXO,9758404
FUNDEADOS,FARMER,4662.3,1,BAIXO,9589267
FUNDEADOS,GITA,3388.5,1,BAIXO,9956185
FUNDEADOS,JOY,4337.1,1,BAIXO,9481465
FUNDEADOS,THE SAUCE,8295.3,2,MÉDIO,9315769
FUNDEADOS,OCEAN VENTURE,12448.5,2,MÉDIO,9660657
FUNDEADOS,JAG PUSHPA,7754.4,2,MÉDIO,9315733
FUNDEADOS,CELSO FURTADO,2520.0,1,BAIXO,9489895
FUNDEADOS,MARITIME TRANQUILITY,5048.4,2,MÉDIO,9848338
FUNDEADOS,KLARA,7175.1,2,MÉDIO,9405904
FUNDEADOS,PS STARS,9599.7,2,MÉDIO,9930519
FUNDEADOS,ELDIA,6049.2,2,MÉDIO,9798351
FUNDEADOS,NORD PENGUIN,2693.1,1,BAIXO,9687186
FUNDEADOS,PEDHOULAS MERCHANT,5149.2,2,MÉDIO,9279800
FUNDEADOS,ANDREAS PETRAKIS,2999.7,1,BAIXO,9664952
FUNDEADOS,SEAWAYS LOOKOUT,9707.1,2,MÉDIO,9700342
FUNDEADOS,ZOILO,5435.7,2,MÉDIO,9704441
FUNDEADOS,JINLING CONFIDENCE,8105.4,2,MÉDIO,9798337
FUNDEADOS,LOWLANDS HOPE,12138.9,2,MÉDIO,9727182
FUNDEADOS,FRIEDERIKE SCHULTE,8012.7,2,MÉDIO,9721425
FUNDEADOS,INCHEON BAY,9929.4,2,MÉDIO,9791963
FUNDEADOS,ARSINOE,2292.3,1,BAIXO,9718739
FUNDEADOS,AEOLIAN FORTUNE,4064.7,1,BAIXO,9461192
FUNDEADOS,BRIGHT IMABARI,5551.2,2,MÉDIO,9801316
FUNDEADOS,MV GLORY CUIABA,2824.5,1,BAIXO,9311189
FUNDEADOS,SAKIZAYA KALON,858.3,0.5,BAIXO,9749908
FUNDEADOS,MYRSINI,4835.1,1,BAIXO,9422940
FUNDEADOS,STAR ASTRID,4847.4,1,BAIXO,9582453
FUNDEADOS,AQUAPRIMA,3180.0,1,BAIXO,9933248
FUNDEADOS,HORIZON ELECTRA,9729.3,2,MÉDIO,9418119
FUNDEADOS,SEAWAYS LOOKOUT,9707.1,2,MÉDIO,9700342
FUNDEADOS,BOLERO,13828.2,2,MÉDIO,9468815
FUNDEADOS,FORTE DE COPACABANA,1602.9,1,BAIXO,9268681
FUNDEADOS,MARITIME TRANQUILITY,5048.4,2,MÉDIO,9848338
FUNDEADOS,AM POINT LISAS,6957.3,2,MÉDIO,9587477
FUNDEADOS,ALMA,3584.1,1,BAIXO,9706530
FUNDEADOS,HORIZON THEONI,5309.1,2,MÉDIO,9407407
FUNDEADOS,FLAGSHIP VIOLET,12719.7,2,MÉDIO,9520857
FUNDEADOS,INCHEON BAY,9929.4,2,MÉDIO,9791963
FUNDEADOS,EUCALYPTUS,8790.0,2,MÉDIO,9832456
FUNDEADOS,KIBO,7393.5,2,MÉDIO,9719331
FUNDEADOS,THOR CHAICHANA,3376.5,1,BAIXO,9638501
FUNDEADOS,BOLERO,13828.2,2,MÉDIO,9468815
FUNDEADOS,BUILDER,-183437.7,0.5,BAIXO,9589255
FUNDEADOS,AEOLIAN FORTUNE,4064.7,1,BAIXO,9461192
FUNDEADOS,PHOENIX OCEAN,2836.5,1,BAIXO,9591997
FUNDEADOS,GOODWYN ISLAND,-611.1,0.5,BAIXO,9802308
FUNDEADOS,AQUAPRIMA,3180.0,1,BAIXO,9933248
FUNDEADOS,SAKIZAYA DIAMOND,3431.4,1,BAIXO,9697868
FUNDEADOS,BRIGHT IMABARI,5551.2,2,MÉDIO,9801316
FUNDEADOS,STAR ASTRID,4847.4,1,BAIXO,9582453
FUNDEADOS,SEAWAYS LOOKOUT,9707.1,2,MÉDIO,9700342
FUNDEADOS,NAVE ATRIA,8997.6,2,MÉDIO,9459060
FUNDEADOS,PACCHA,1137.3,0.5,BAIXO,9512185
FUNDEADOS,ETERNITY SW,2429.4,1,BAIXO,9425851
FUNDEADOS,ALMA,3584.1,1,BAIXO,9706530
FUNDEADOS,FLAGSHIP VIOLET,12719.7,2,MÉDIO,9520857
FUNDEADOS,CIELO DI IYO,457.2,0.5,BAIXO,9808340
FUNDEADOS,STAR LUSTER,13602.0,2,MÉDIO,9603805
FUNDEADOS,AMIS JUSTICE,7059.3,2,MÉDIO,9732424
FUNDEADOS,SEAMEC GALLANT,7628.1,2,MÉDIO,9599004
FUNDEADOS,KIBO,7393.5,2,MÉDIO,9719331
FUNDEADOS,OSCAR NIEMEYER,450.0,0.5,BAIXO,9596820
FUNDEADOS,FEDERAL BERING,4116.6,1,BAIXO,9697832
FUNDEADOS,BOLERO,13828.2,2,MÉDIO,9468815
FUNDEADOS,UNISPIRIT,1640.7,1,BAIXO,9356402
FUNDEADOS,KANG MAY,6000.3,2,MÉDIO,9774472
FUNDEADOS,NORDIC STAVANGER,2751.6,1,BAIXO,9514377
FUNDEADOS,BUILDER,-183437.7,0.5,BAIXO,9589255
FUNDEADOS,GOODWYN ISLAND,-611.1,0.5,BAIXO,9802308
FUNDEADOS,PHOENIX OCEAN,3050.7,1,BAIXO,9591997
FUNDEADOS,AQUAPRIMA,3180.0,1,BAIXO,9933248
FUNDEADOS,SAKIZAYA DIAMOND,3431.4,1,BAIXO,9697868
FUNDEADOS,BRIGHT IMABARI,5551.2,2,MÉDIO,9801316
FUNDEADOS,STAR ASTRID,4847.4,1,BAIXO,9582453
FUNDEADOS,G BRIGHT,4094.7,1,BAIXO,9294276
FUNDEADOS,JOROPO,5823.0,2,MÉDIO,9380087
FUNDEADOS,NAVIOS ALEGRIA,3405.6,1,BAIXO,9757785
FUNDEADOS,ETERNITY SW,2429.4,1,BAIXO,9425851
FUNDEADOS,EVER ZENITH,4800.0,1,BAIXO,9913339
FUNDEADOS,ALMA,3584.1,1,BAIXO,9706530
FUNDEADOS,FLUMAR BRASIL,12566.4,2,MÉDIO,9416836
FUNDEADOS,NAVE JUPITER,1499.7,0.5,BAIXO,9657038
FUNDEADOS,SEAWAYS LOOKOUT,9707.1,2,MÉDIO,9700342
FUNDEADOS,SERGIO BUARQUE DE HOLANDA,12171.9,2,MÉDIO,9489900
FUNDEADOS,MAERSK CEBU,13355.7,2,MÉDIO,9786176
FUNDEADOS,STAR LUSTER,13602.0,2,MÉDIO,9603805
FUNDEADOS,AMIS JUSTICE,7059.3,2,MÉDIO,9732424
FUNDEADOS,SANTA INES,14984.7,2,MÉDIO,9860623
FUNDEADOS,CIELO DI IYO,457.2,0.5,BAIXO,9808340
FUNDEADOS,FEDERAL BERING,4116.6,1,BAIXO,9697832
FUNDEADOS,UNISPIRIT,1640.7,1,BAIXO,9356402
FUNDEADOS,AQUAPRIMA,3180.0,1,BAIXO,9933248
FUNDEADOS,SAKIZAYA DIAMOND,3431.4,1,BAIXO,9697868
FUNDEADOS,NORDIC STAVANGER,2751.6,1,BAIXO,9514377
FUNDEADOS,PHOENIX OCEAN,3050.7,1,BAIXO,9591997
FUNDEADOS,NAVIOS DOLPHIN,3412.2,1,BAIXO,9782168
FUNDEADOS,GOODWYN ISLAND,-611.1,0.5,BAIXO,9802308
FUNDEADOS,MV AGIOS NIKOLAS,3270.6,1,BAIXO,9702728
FUNDEADOS,KANG MAY,6000.3,2,MÉDIO,9774472
FUNDEADOS,G BRIGHT,4094.7,1,BAIXO,9294276
FUNDEADOS,OCEAN ELECTRA,12833.1,2,MÉDIO,9402782
FUNDEADOS,NAVIOS ALEGRIA,3405.6,1,BAIXO,9757785
FUNDEADOS,EVER ZENITH,4800.0,1,BAIXO,9913339
FUNDEADOS,SM HARMONY1,2368.2,1,BAIXO,9842528
FUNDEADOS,ALMA,3584.1,1,BAIXO,9706530
FUNDEADOS,SERGIO BUARQUE DE HOLANDA,12171.9,2,MÉDIO,9489900
FUNDEADOS,MAERSK CEBU,13355.7,2,MÉDIO,9786176
FUNDEADOS,JOROPO,5823.0,2,MÉDIO,9380087
FUNDEADOS,NAVE JUPITER,1499.7,0.5,BAIXO,9657038
FUNDEADOS,IONIC STORM,14533.5,2,MÉDIO,9332963
FUNDEADOS,STAR LUSTER,13602.0,2,MÉDIO,9603805
FUNDEADOS,AMIS JUSTICE,7059.3,2,MÉDIO,9732424
FUNDEADOS,FEDERAL CHAMPLAIN,6904.2,2,MÉDIO,9671058
FUNDEADOS,LUCIO COSTA,479.1,0.5,BAIXO,9596856
FUNDEADOS,UNISPIRIT,1640.7,1,BAIXO,9356402
FUNDEADOS,SAKIZAYA DIAMOND,3431.4,1,BAIXO,9697868
FUNDEADOS,AQUAPRIMA,3180.0,1,BAIXO,9933248
FUNDEADOS,KANG MAY,6000.3,2,MÉDIO,9774472
FUNDEADOS,NORDIC STAVANGER,2751.6,1,BAIXO,9514377
FUNDEADOS,ALANOOD,4704.3,1,BAIXO,9837121
FUNDEADOS,MV AGIOS NIKOLAS,3270.6,1,BAIXO,9702728
FUNDEADOS,GRAND OCEAN,5006.7,2,MÉDIO,9949651
FUNDEADOS,NAVIOS DOLPHIN,3412.2,1,BAIXO,9782168
FUNDEADOS,GOODWYN ISLAND,-611.1,0.5,BAIXO,9802308
FUNDEADOS,PHOENIX OCEAN,3050.7,1,BAIXO,9591997
FUNDEADOS,G BRIGHT,4094.7,1,BAIXO,9294276
FUNDEADOS,SM HARMONY1,2368.2,1,BAIXO,9842528
FUNDEADOS,ALMA,3584.1,1,BAIXO,9706530
FUNDEADOS,EVER ZENITH,4800.0,1,BAIXO,9913339
FUNDEADOS,NAVIOS ALEGRIA,3405.6,1,BAIXO,9757785
FUNDEADOS,NAVE JUPITER,1499.7,0.5,BAIXO,9657038
FUNDEADOS,IONIC STORM,14533.5,2,MÉDIO,9332963
FUNDEADOS,BEKS FENIX,5171.1,2,MÉDIO,9356751
FUNDEADOS,MAERSK CEBU,13355.7,2,MÉDIO,9786176
FUNDEADOS,OCEAN ELECTRA,12833.1,2,MÉDIO,9402782
FUNDEADOS,JOROPO,5823.0,2,MÉDIO,9380087
FUNDEADOS,ARACARI ARROW,6016.8,2,MÉDIO,9008706
FUNDEADOS,FEDERAL SKYE,1239.9,0.5,BAIXO,9606833
FUNDEADOS,STAR LUSTER,13602.0,2,MÉDIO,9603805
FUNDEADOS,PHOENIX OCEAN,3050.7,1,BAIXO,9591997
FUNDEADOS,AMIS JUSTICE,7059.3,2,MÉDIO,9732424
FUNDEADOS,SCARLETT MANX,14768.4,2,MÉDIO,9801718
FUNDEADOS,FEDERAL CHAMPLAIN,6904.2,2,MÉDIO,9671058
FUNDEADOS,LUCIO COSTA,479.1,0.5,BAIXO,9596856
FUNDEADOS,AKSON SANDRA,7322.4,2,MÉDIO,9537264
FUNDEADOS,GENTLE SEAS,14520.0,2,MÉDIO,9703514
FUNDEADOS,UNISPIRIT,1640.7,1,BAIXO,9356402
FUNDEADOS,KANG MAY,6000.3,2,MÉDIO,9774472
FUNDEADOS,NORDIC STAVANGER,2751.6,1,BAIXO,9514377
FUNDEADOS,GOODWYN ISLAND,-611.1,0.5,BAIXO,9802308
FUNDEADOS,NAVIOS DOLPHIN,3412.2,1,BAIXO,9782168
FUNDEADOS,ALANOOD,4704.3,1,BAIXO,9837121
FUNDEADOS,SAKIZAYA DIAMOND,3431.4,1,BAIXO,9697868
FUNDEADOS,DELIGHT DIVA,3664.8,1,BAIXO,9959761
FUNDEADOS,RICHWAY TRADER,4869.3,1,BAIXO,9936757
FUNDEADOS,AQUAPRIMA,3261.0,1,BAIXO,9933248
FUNDEADOS,GRAND OCEAN,5006.7,2,MÉDIO,9949651
FUNDEADOS,G BRIGHT,4094.7,1,BAIXO,9294276
FUNDEADOS,NAVIOS ALEGRIA,3405.6,1,BAIXO,9757785
FUNDEADOS,SM HARMONY1,2368.2,1,BAIXO,9842528
FUNDEADOS,ALMA,3584.1,1,BAIXO,9706530
FUNDEADOS,NAVE JUPITER,1499.7,0.5,BAIXO,9657038
FUNDEADOS,OCEAN ELECTRA,12833.1,2,MÉDIO,9402782
FUNDEADOS,BEKS FENIX,5171.1,2,MÉDIO,9356751
FUNDEADOS,MAERSK CEBU,13355.7,2,MÉDIO,9786176
FUNDEADOS,THOR CHAICHANA,2131.5,1,BAIXO,9638501
FUNDEADOS,ENDLESS SUMMER,4499.7,1,BAIXO,9425540
FUNDEADOS,IONIC STORM,15573.0,2,MÉDIO,9332963
FUNDEADOS,ARACARI ARROW,6016.8,2,MÉDIO,9008706
FUNDEADOS,AMIS JUSTICE,7059.3,2,MÉDIO,9732424
FUNDEADOS,STAR LUSTER,13602.0,2,MÉDIO,9603805
FUNDEADOS,IONIC STORM,15573.0,2,MÉDIO,9332963
FUNDEADOS,GENTLE SEAS,14520.0,2,MÉDIO,9703514
FUNDEADOS,AKSON SANDRA,7322.4,2,MÉDIO,9537264
FUNDEADOS,FEDERAL SKYE,1239.9,0.5,BAIXO,9606833
FUNDEADOS,SCARLETT MANX,14768.4,2,MÉDIO,9801718
FUNDEADOS,DEVBULK CANSEN,168.3,0.5,BAIXO,9703459
FUNDEADOS,LUCIO COSTA,479.1,0.5,BAIXO,9596856
FUNDEADOS,GRAND OCEAN,5006.7,2,MÉDIO,9949651
FUNDEADOS,KANG MAY,6000.3,2,MÉDIO,9774472
FUNDEADOS,NORDIC STAVANGER,2751.6,1,BAIXO,9514377
FUNDEADOS,GOODWYN ISLAND,-611.1,0.5,BAIXO,9802308
FUNDEADOS,NAVIOS DOLPHIN,3412.2,1,BAIXO,9782168
FUNDEADOS,ALANOOD,4704.3,1,BAIXO,9837121
FUNDEADOS,SAKIZAYA DIAMOND,3431.4,1,BAIXO,9697868
FUNDEADOS,DELIGHT DIVA,3664.8,1,BAIXO,9959761
FUNDEADOS,IKARIA ANGEL,953.1,0.5,BAIXO,9194397
FUNDEADOS,AQUAPRIMA,3261.0,1,BAIXO,9933248
FUNDEADOS,RICHWAY TRADER,4869.3,1,BAIXO,9936757
FUNDEADOS,ENDLESS SUMMER,4499.7,1,BAIXO,9425540
FUNDEADOS,SM HARMONY1,2368.2,1,BAIXO,9842528
FUNDEADOS,ALMA,3584.1,1,BAIXO,9706530
FUNDEADOS,NAVIOS ALEGRIA,3405.6,1,BAIXO,9757785
FUNDEADOS,BEKS FENIX,5171.1,2,MÉDIO,9356751
FUNDEADOS,NAVE JUPITER,1499.7,0.5,BAIXO,9657038
FUNDEADOS,OCEAN ELECTRA,12833.1,2,MÉDIO,9402782
FUNDEADOS,THOR CHAICHANA,2131.5,1,BAIXO,9638501
FUNDEADOS,MAERSK CEBU,13355.7,2,MÉDIO,9786176
FUNDEADOS,ARACARI ARROW,6016.8,2,MÉDIO,9008706
FUNDEADOS,STAR LUSTER,13602.0,2,MÉDIO,9603805
FUNDEADOS,IONIC STORM,15573.0,2,MÉDIO,9332963
FUNDEADOS,FEDERAL SKYE,1239.9,0.5,BAIXO,9606833
FUNDEADOS,AKSON SANDRA,7322.4,2,MÉDIO,9537264
FUNDEADOS,DEVBULK CANSEN,168.3,0.5,BAIXO,9703459
FUNDEADOS,AMIS JUSTICE,7059.3,2,MÉDIO,9732424
FUNDEADOS,SCARLETT MANX,14768.4,2,MÉDIO,9801718
FUNDEADOS,GRAND OCEAN,5006.7,2,MÉDIO,9949651
FUNDEADOS,PROTECTOR,5807.1,2,MÉDIO,9942615
FUNDEADOS,KANG MAY,6000.3,2,MÉDIO,9774472
FUNDEADOS,NAVIOS DOLPHIN,3412.2,1,BAIXO,9782168
FUNDEADOS,ALANOOD,4704.3,1,BAIXO,9837121
FUNDEADOS,AQUAPRIMA,3261.0,1,BAIXO,9933248
FUNDEADOS,IKARIA ANGEL,953.1,0.5,BAIXO,9194397
FUNDEADOS,SAKIZAYA DIAMOND,3431.4,1,BAIXO,9697868
FUNDEADOS,DELIGHT DIVA,3664.8,1,BAIXO,9959761
FUNDEADOS,RICHWAY TRADER,4869.3,1,BAIXO,9936757
FUNDEADOS,NAVIOS ALEGRIA,3405.6,1,BAIXO,9757785
FUNDEADOS,SM HARMONY1,2368.2,1,BAIXO,9842528
FUNDEADOS,BEKS FENIX,5171.1,2,MÉDIO,9356751
FUNDEADOS,THOR CHAICHANA,2131.5,1,BAIXO,9638501
FUNDEADOS,MAERSK CEBU,13355.7,2,MÉDIO,9786176
FUNDEADOS,OCEAN ELECTRA,12833.1,2,MÉDIO,9402782
FUNDEADOS,JOROPO,5313.0,2,MÉDIO,9380087
FUNDEADOS,ARACARI ARROW,6016.8,2,MÉDIO,9008706
FUNDEADOS,IONIC STORM,15573.0,2,MÉDIO,9332963
FUNDEADOS,DEVBULK CANSEN,168.3,0.5,BAIXO,9703459
FUNDEADOS,FEDERAL SKYE,1239.9,0.5,BAIXO,9606833
FUNDEADOS,AKSON SANDRA,7322.4,2,MÉDIO,9537264
FUNDEADOS,SCARLETT MANX,14768.4,2,MÉDIO,9801718
FUNDEADOS,AMIS JUSTICE,7059.3,2,MÉDIO,9732424
FUNDEADOS,EPIC SHIKOKU,1647.9,1,BAIXO,9733545
FUNDEADOS,GRAND OCEAN,5006.7,2,MÉDIO,9949651
FUNDEADOS,PROTECTOR,5807.1,2,MÉDIO,9942615
FUNDEADOS,KANG MAY,6000.3,2,MÉDIO,9774472
FUNDEADOS,NAVIOS DOLPHIN,3412.2,1,BAIXO,9782168
FUNDEADOS,ALANOOD,4704.3,1,BAIXO,9837121
FUNDEADOS,JEN LR,3297.3,1,BAIXO,9947249
FUNDEADOS,AQUAPRIMA,3261.0,1,BAIXO,9933248
FUNDEADOS,IKARIA ANGEL,953.1,0.5,BAIXO,9194397
FUNDEADOS,DELIGHT DIVA,3664.8,1,BAIXO,9959761
FUNDEADOS,RICHWAY TRADER,4869.3,1,BAIXO,9936757
FUNDEADOS,OCEAN ELECTRA,12833.1,2,MÉDIO,9402782
FUNDEADOS,THOR CHAICHANA,2131.5,1,BAIXO,9638501
FUNDEADOS,MAERSK CEBU,13355.7,2,MÉDIO,9786176
FUNDEADOS,SM HARMONY1,2368.2,1,BAIXO,9842528
FUNDEADOS,CHRISTIANA P,828.6,0.5,BAIXO,9580508
FUNDEADOS,NAVIOS ALEGRIA,3405.6,1,BAIXO,9757785
FUNDEADOS,CELSO FURTADO,3990.0,1,BAIXO,9489895
FUNDEADOS,IONIC STORM,14533.5,2,MÉDIO,9332963
FUNDEADOS,MORNINGSTAR,7036.8,2,MÉDIO,9263069
FUNDEADOS,FEDERAL SKYE,1239.9,0.5,BAIXO,9606833
FUNDEADOS,STAR OMICRON,3258.3,1,BAIXO,9313022
FUNDEADOS,MEGHNA VICTORY,8217.0,2,MÉDIO,9928827
FUNDEADOS,COYOTE,7803.0,2,MÉDIO,9474216
FUNDEADOS,NORAH,8687.1,2,MÉDIO,9460289
FUNDEADOS,IOLCOS UNITY,3142.8,1,BAIXO,9313058
FUNDEADOS,PROTECTOR,5807.1,2,MÉDIO,9942615
FUNDEADOS,CHRYSANTHI S,4145.4,1,BAIXO,9527441
FUNDEADOS,SALAMINIAN,3465.0,1,BAIXO,9717709
FUNDEADOS,CL GENEVA,3788.7,1,BAIXO,9911587
FUNDEADOS,ALANOOD,4704.3,1,BAIXO,9837121
FUNDEADOS,JEN LR,3297.3,1,BAIXO,9947249
FUNDEADOS,IKARIA ANGEL,953.1,0.5,BAIXO,9194397
FUNDEADOS,DELIGHT DIVA,3664.8,1,BAIXO,9959761
FUNDEADOS,RICHWAY TRADER,4869.3,1,BAIXO,9936757
FUNDEADOS,FORTUNE SUN,2457.9,1,BAIXO,9267211
FUNDEADOS,THOR CHAICHANA,2131.5,1,BAIXO,9638501
FUNDEADOS,NAVIOS ALEGRIA,3405.6,1,BAIXO,9757785
FUNDEADOS,SM HARMONY1,2368.2,1,BAIXO,9842528
FUNDEADOS,BAHRI GRAIN,5056.5,2,MÉDIO,9660528
FUNDEADOS,JOROPO,3093.0,1,BAIXO,9380087
FUNDEADOS,IOLCOS UNITY,-97657.2,0.5,BAIXO,9313058
FUNDEADOS,ALHENA,10026.0,2,MÉDIO,9538141
FUNDEADOS,CL GENEVA,-79431.3,0.5,BAIXO,9911587
FUNDEADOS,TORM CORRIDO,9825.6,2,MÉDIO,9411305
FUNDEADOS,COYOTE,7803.0,2,MÉDIO,9474216
FUNDEADOS,IONIC STORM,14533.5,2,MÉDIO,9332963
FUNDEADOS,FEDERAL SKYE,1239.9,0.5,BAIXO,9606833
FUNDEADOS,MORNINGSTAR,7036.8,2,MÉDIO,9263069
FUNDEADOS,STAR OMICRON,3258.3,1,BAIXO,9313022
FUNDEADOS,MEGHNA VICTORY,8217.0,2,MÉDIO,9928827
FUNDEADOS,NORAH,8687.1,2,MÉDIO,9460289
FUNDEADOS,JEN LR,3297.3,1,BAIXO,9947249
FUNDEADOS,FORTUNE SUN,2457.9,1,BAIXO,9267211
FUNDEADOS,IOLCOS UNITY,3142.8,1,BAIXO,9313058
FUNDEADOS,IKARIA ANGEL,953.1,0.5,BAIXO,9194397
FUNDEADOS,CHRYSANTHI S,4145.4,1,BAIXO,9527441
FUNDEADOS,DELIGHT DIVA,3664.8,1,BAIXO,9959761
FUNDEADOS,PROTECTOR,5807.1,2,MÉDIO,9942615
FUNDEADOS,RICHWAY TRADER,4869.3,1,BAIXO,9936757
FUNDEADOS,SALAMINIAN,3465.0,1,BAIXO,9717709
FUNDEADOS,CL GENEVA,3788.7,1,BAIXO,9911587
FUNDEADOS,CL GENEVA,-79431.3,0.5,BAIXO,9911587
FUNDEADOS,SM HARMONY1,2368.2,1,BAIXO,9842528
FUNDEADOS,BAHRI GRAIN,5056.5,2,MÉDIO,9660528
FUNDEADOS,NAVIOS ALEGRIA,3405.6,1,BAIXO,9757785
FUNDEADOS,THOR CHAICHANA,2131.5,1,BAIXO,9638501
FUNDEADOS,TORM CORRIDO,9825.6,2,MÉDIO,9411305
FUNDEADOS,IOLCOS UNITY,-97657.2,0.5,BAIXO,9313058
FUNDEADOS,GRAND OCEAN,5006.7,2,MÉDIO,9949651
FUNDEADOS,CLEAROCEAN MELODY,2698.5,1,BAIXO,9849265
FUNDEADOS,FEDERAL SKYE,1239.9,0.5,BAIXO,9606833
FUNDEADOS,PACIFIC WAVE,793.2,0.5,BAIXO,9801275
FUNDEADOS,MORNINGSTAR,7036.8,2,MÉDIO,9263069
FUNDEADOS,STAR OMICRON,3258.3,1,BAIXO,9313022
FUNDEADOS,NORAH,8687.1,2,MÉDIO,9460289
FUNDEADOS,PROTECTOR,5807.1,2,MÉDIO,9942615
FUNDEADOS,JEN LR,3297.3,1,BAIXO,9947249
FUNDEADOS,CHRYSANTHI S,4145.4,1,BAIXO,9527441
FUNDEADOS,SALAMINIAN,3465.0,1,BAIXO,9717709
FUNDEADOS,SCARLETT MANX,2663.4,1,BAIXO,9801718
FUNDEADOS,CL GENEVA,3788.7,1,BAIXO,9911587
FUNDEADOS,IKARIA ANGEL,953.1,0.5,BAIXO,9194397
FUNDEADOS,DELIGHT DIVA,3664.8,1,BAIXO,9959761
FUNDEADOS,FORTUNE SUN,2457.9,1,BAIXO,9267211
FUNDEADOS,IOLCOS UNITY,3142.8,1,BAIXO,9313058
FUNDEADOS,CLEAROCEAN MELODY,2698.5,1,BAIXO,9849265
FUNDEADOS,CL GENEVA,-79431.3,0.5,BAIXO,9911587
FUNDEADOS,TORM CORRIDO,9825.6,2,MÉDIO,9411305
FUNDEADOS,STENA PROGRESS,14015.4,2,MÉDIO,9390020
FUNDEADOS,NAVIOS ALEGRIA,3405.6,1,BAIXO,9757785
FUNDEADOS,THOR CHAICHANA,2131.5,1,BAIXO,9638501
FUNDEADOS,GIEWONT,4375.8,1,BAIXO,9452593
FUNDEADOS,KIRAN AMERICA,-148000.2,0.5,BAIXO,9491264
FUNDEADOS,BAHRI GRAIN,5056.5,2,MÉDIO,9660528
FUNDEADOS,IOLCOS UNITY,-97657.2,0.5,BAIXO,9313058
FUNDEADOS,SEAHORSE,6174.0,2,MÉDIO,9594456
FUNDEADOS,MORNINGSTAR,7036.8,2,MÉDIO,9263069
FUNDEADOS,FEDERAL SKYE,1239.9,0.5,BAIXO,9606833
FUNDEADOS,STAR OMICRON,3258.3,1,BAIXO,9313022
FUNDEADOS,ECO ANGELBAY,5629.5,2,MÉDIO,9385166
FUNDEADOS,NORAH,8687.1,2,MÉDIO,9460289
FUNDEADOS,CHISE BULKER,5506.5,2,MÉDIO,9667722
FUNDEADOS,DARCY RIBEIRO,624.9,0.5,BAIXO,9596832
FUNDEADOS,DELIGHT DIVA,3664.8,1,BAIXO,9959761
FUNDEADOS,YUN TONG,3800.7,1,BAIXO,9717175
FUNDEADOS,IOLCOS UNITY,3142.8,1,BAIXO,9313058
FUNDEADOS,FORTUNE SUN,2457.9,1,BAIXO,9267211
FUNDEADOS,ROSE,2195.7,1,BAIXO,9464508
FUNDEADOS,CHRYSANTHI S,4145.4,1,BAIXO,9527441
FUNDEADOS,SCARLETT MANX,2663.4,1,BAIXO,9801718
FUNDEADOS,SALAMINIAN,3465.0,1,BAIXO,9717709
FUNDEADOS,JEN LR,3297.3,1,BAIXO,9947249
FUNDEADOS,ANIKITOS,8832.3,2,MÉDIO,9953444
FUNDEADOS,MERAPI,9639.6,2,MÉDIO,9430167
FUNDEADOS,CLEAROCEAN MELODY,2698.5,1,BAIXO,9849265
FUNDEADOS,CL GENEVA,-79431.3,0.5,BAIXO,9911587
FUNDEADOS,KIRAN AMERICA,-148000.2,0.5,BAIXO,9491264
FUNDEADOS,GIEWONT,4375.8,1,BAIXO,9452593
FUNDEADOS,ORNAK,4403.1,1,BAIXO,9452610
FUNDEADOS,BAHRI GRAIN,5056.5,2,MÉDIO,9660528
FUNDEADOS,IOLCOS UNITY,-97657.2,0.5,BAIXO,9313058
FUNDEADOS,AVANTI,7191.6,2,MÉDIO,9403334
FUNDEADOS,FEDERAL SKYE,1239.9,0.5,BAIXO,9606833
FUNDEADOS,FORTUNE SUN,2457.9,1,BAIXO,9267211
FUNDEADOS,MORNINGSTAR,7036.8,2,MÉDIO,9263069
FUNDEADOS,ECO ANGELBAY,5629.5,2,MÉDIO,9385166
FUNDEADOS,SEAHORSE,6174.0,2,MÉDIO,9594456
FUNDEADOS,STAR OMICRON,3258.3,1,BAIXO,9313022
FUNDEADOS,NORAH,8687.1,2,MÉDIO,9460289
FUNDEADOS,CHISE BULKER,5506.5,2,MÉDIO,9667722
FUNDEADOS,DARCY RIBEIRO,624.9,0.5,BAIXO,9596832
FUNDEADOS,INDUSTRIAL CHALLENGER,-44682.9,0.5,BAIXO,9213935
FUNDEADOS,SCARLETT MANX,2663.4,1,BAIXO,9801718
FUNDEADOS,ROSE,2195.7,1,BAIXO,9464508
FUNDEADOS,CHRYSANTHI S,4145.4,1,BAIXO,9527441
FUNDEADOS,IOLCOS UNITY,3142.8,1,BAIXO,9313058
FUNDEADOS,SALAMINIAN,3465.0,1,BAIXO,9717709
FUNDEADOS,YUN TONG,3800.7,1,BAIXO,9717175
FUNDEADOS,DRAGON,3668.7,1,BAIXO,9588005
FUNDEADOS,CLEAROCEAN MELODY,2698.5,1,BAIXO,9849265
FUNDEADOS,ANIKITOS,8832.3,2,MÉDIO,9953444
FUNDEADOS,CLEAROCEAN MELODY,2698.5,1,BAIXO,9849265
FUNDEADOS,CL GENEVA,-79431.3,0.5,BAIXO,9911587
FUNDEADOS,KIRAN AMERICA,-148000.2,0.5,BAIXO,9491264
FUNDEADOS,ORNAK,4403.1,1,BAIXO,9452610
FUNDEADOS,BAHRI GRAIN,5056.5,2,MÉDIO,9660528
FUNDEADOS,HANA,-803.7,0.5,BAIXO,9353113
FUNDEADOS,IOLCOS UNITY,-97657.2,0.5,BAIXO,9313058
FUNDEADOS,FEDERAL SKYE,1239.9,0.5,BAIXO,9606833
FUNDEADOS,MORNINGSTAR,7036.8,2,MÉDIO,9263069
FUNDEADOS,SEAHORSE,6174.0,2,MÉDIO,9594456
FUNDEADOS,ECO ANGELBAY,5629.5,2,MÉDIO,9385166
FUNDEADOS,CHISE BULKER,5506.5,2,MÉDIO,9667722
FUNDEADOS,CHRYSANTHI S,4145.4,1,BAIXO,9527441
FUNDEADOS,SCARLETT MANX,2663.4,1,BAIXO,9801718
FUNDEADOS,ROSE,2195.7,1,BAIXO,9464508
FUNDEADOS,DRAGON,3668.7,1,BAIXO,9588005
FUNDEADOS,YUN TONG,3800.7,1,BAIXO,9717175
FUNDEADOS,IOLCOS UNITY,3142.8,1,BAIXO,9313058
FUNDEADOS,SALAMINIAN,3465.0,1,BAIXO,9717709
FUNDEADOS,AVON,9389.7,2,MÉDIO,9836440
FUNDEADOS,CL GENEVA,-79431.3,0.5,BAIXO,9911587
FUNDEADOS,ANIKITOS,6162.3,2,MÉDIO,9953444
FUNDEADOS,ORNAK,4403.1,1,BAIXO,9452610
FUNDEADOS,BAHRI GRAIN,5056.5,2,MÉDIO,9660528
FUNDEADOS,KIRAN AMERICA,-148000.2,0.5,BAIXO,9491264
FUNDEADOS,IOLCOS UNITY,-97657.2,0.5,BAIXO,9313058
FUNDEADOS,CLEAROCEAN MELODY,2698.5,1,BAIXO,9849265
FUNDEADOS,HANA,-803.7,0.5,BAIXO,9353113
FUNDEADOS,EAGLE ARROW,13904.1,2,MÉDIO,9529592
FUNDEADOS,GEORGIA T,5224.5,2,MÉDIO,9583756
FUNDEADOS,FEDERAL SKYE,1239.9,0.5,BAIXO,9606833
FUNDEADOS,CRIMSON KINGDOM,4008.0,1,BAIXO,9748033
FUNDEADOS,YUN TONG,3800.7,1,BAIXO,9717175
FUNDEADOS,TINA S,3966.6,1,BAIXO,9498432
FUNDEADOS,CHISE BULKER,5506.5,2,MÉDIO,9667722
FUNDEADOS,SEAHORSE,6174.0,2,MÉDIO,9594456
FUNDEADOS,BARBOSA LIMA SOBRINHO,-8971.5,0.5,BAIXO,9596844
FUNDEADOS,SCARLETT MANX,2663.4,1,BAIXO,9801718
FUNDEADOS,BADGER ISLAND,2425.8,1,BAIXO,9578294
FUNDEADOS,DRAGON,3668.7,1,BAIXO,9588005
FUNDEADOS,ASL JUPITER,3768.3,1,BAIXO,9600633
FUNDEADOS,PREVAIL STAR,4516.5,1,BAIXO,9693769
FUNDEADOS,ROSE,2195.7,1,BAIXO,9464508
FUNDEADOS,CL GENEVA,-79431.3,0.5,BAIXO,9911587
FUNDEADOS,KIRAN AMERICA,-148000.2,0.5,BAIXO,9491264
FUNDEADOS,IOLCOS UNITY,-97657.2,0.5,BAIXO,9313058
FUNDEADOS,TINOS,6963.3,2,MÉDIO,9597795
FUNDEADOS,ROMULO ALMEIDA,12240.0,2,MÉDIO,9489912
FUNDEADOS,PREVAIL STAR,4516.5,1,BAIXO,9693769
FUNDEADOS,BADGER ISLAND,2425.8,1,BAIXO,9578294
FUNDEADOS,STORMHARBOUR,2724.9,1,BAIXO,9519157
FUNDEADOS,NESTOR S,611.7,0.5,BAIXO,9473341
FUNDEADOS,ASL JUPITER,3768.3,1,BAIXO,9600633
FUNDEADOS,MAHA JACQUELINE,2382.6,1,BAIXO,9185073
FUNDEADOS,FEDERAL SKYE,1239.9,0.5,BAIXO,9606833
FUNDEADOS,JACAMAR ARROW,9402.0,2,MÉDIO,9007532
FUNDEADOS,RIVER PEARL,1567.2,1,BAIXO,9363663
FUNDEADOS,CIELO DI TAMPA,9360.6,2,MÉDIO,9707754
FUNDEADOS,PACIFIC WAVE,4063.2,1,BAIXO,9801275
FUNDEADOS,CRIMSON KINGDOM,4008.0,1,BAIXO,9748033
FUNDEADOS,ULTRALAZ,1710.0,1,BAIXO,9781085
FUNDEADOS,GOLDEN KEEN,5416.8,2,MÉDIO,9595723
FUNDEADOS,G.B.CORRADO,2508.3,1,BAIXO,9314624
FUNDEADOS,CLIA,5390.1,2,MÉDIO,9548237
FUNDEADOS,HONG YUAN,3171.9,1,BAIXO,9500883
FUNDEADOS,SCARLET FALCON,2991.0,1,BAIXO,9609433
FUNDEADOS,CL GENEVA,-79431.3,0.5,BAIXO,9911587
FUNDEADOS,TINOS,6963.3,2,MÉDIO,9597795
FUNDEADOS,TEAM VIEW,676.2,0.5,BAIXO,9576727
FUNDEADOS,MAERSK CRETE,9005.7,2,MÉDIO,9786190
FUNDEADOS,MILOU,1649.1,1,BAIXO,9335123
FUNDEADOS,CAPTAIN J. NEOFOTISTOS,2403.0,1,BAIXO,9617430
FUNDEADOS,SCARLET FALCON,2991.0,1,BAIXO,9609433
FUNDEADOS,FEDERAL SKYE,1239.9,0.5,BAIXO,9606833
FUNDEADOS,STORMHARBOUR,2724.9,1,BAIXO,9519157
FUNDEADOS,MAHA JACQUELINE,2382.6,1,BAIXO,9185073
FUNDEADOS,NESTOR S,611.7,0.5,BAIXO,9473341
FUNDEADOS,G.B.CORRADO,2508.3,1,BAIXO,9314624
FUNDEADOS,RIVER PEARL,1567.2,1,BAIXO,9363663
FUNDEADOS,ULTRA RELIANCE,19098.6,2,MÉDIO,9925760
FUNDEADOS,STAR MISTRAL,2475.0,1,BAIXO,9684225
FUNDEADOS,CRIMSON KINGDOM,4008.0,1,BAIXO,9748033
FUNDEADOS,ULTRALAZ,1710.0,1,BAIXO,9781085
FUNDEADOS,HONG YUAN,3171.9,1,BAIXO,9500883
FUNDEADOS,ASL JUPITER,3768.3,1,BAIXO,9600633
FUNDEADOS,AGILITY DIVA,3593.1,1,BAIXO,9919929
FUNDEADOS,STEFANOS,-185628.9,0.5,BAIXO,9719575
FUNDEADOS,SEACON 9,3553.2,1,BAIXO,9440394
FUNDEADOS,PREVAIL STAR,4516.5,1,BAIXO,9693769
FUNDEADOS,JOROPO,-777.0,0.5,BAIXO,9380087
FUNDEADOS,CL GENEVA,-79431.3,0.5,BAIXO,9911587
FUNDEADOS,TORM HELENE,-1327.5,0.5,BAIXO,9904871
FUNDEADOS,TEAL ARROW,1939.8,1,BAIXO,9186780
FUNDEADOS,IOLCOS DIGNITY,-11798.1,0.5,BAIXO,9530644
FUNDEADOS,HONG YUAN,3171.9,1,BAIXO,9500883
FUNDEADOS,STORMHARBOUR,2724.9,1,BAIXO,9519157
FUNDEADOS,ULTRALAZ,1710.0,1,BAIXO,9781085
FUNDEADOS,CAPTAIN J. NEOFOTISTOS,2403.0,1,BAIXO,9617430
FUNDEADOS,MAHA JACQUELINE,2382.6,1,BAIXO,9185073
FUNDEADOS,FEDERAL SKYE,1239.9,0.5,BAIXO,9606833
FUNDEADOS,RIVER PEARL,1567.2,1,BAIXO,9363663
FUNDEADOS,STAR MISTRAL,2475.0,1,BAIXO,9684225
FUNDEADOS,PREVAIL STAR,4516.5,1,BAIXO,9693769
FUNDEADOS,CRIMSON KINGDOM,4008.0,1,BAIXO,9748033
FUNDEADOS,SEACON 9,3553.2,1,BAIXO,9440394
FUNDEADOS,AGILITY DIVA,3593.1,1,BAIXO,9919929
FUNDEADOS,ASL JUPITER,3768.3,1,BAIXO,9600633
FUNDEADOS,G.B.CORRADO,2508.3,1,BAIXO,9314624
FUNDEADOS,NESTOR S,611.7,0.5,BAIXO,9473341
FUNDEADOS,STAR CALYPSO,3117.0,1,BAIXO,9634842
FUNDEADOS,STEFANOS,-185628.9,0.5,BAIXO,9719575
FUNDEADOS,CL GENEVA,-79431.3,0.5,BAIXO,9911587
FUNDEADOS,JOROPO,-777.0,0.5,BAIXO,9380087
FUNDEADOS,BACHATA,13828.2,2,MÉDIO,9423906
FUNDEADOS,TATRY,4841.4,1,BAIXO,9582960

